ΓÜá∩╕Å  Bull Message Queue disabled (Redis not configured - using local development mode)
ΓÜá∩╕Å  Redis client for campaign sessions disabled (using local development mode)
ΓÜá∩╕Å  Analytics Redis cache disabled (using direct fetch in local development mode)
≡ƒöî Attempting Redis connection (1/3)...
ΓÜá∩╕Å  Bull Queue workers disabled (messageQueue not available in local development mode)
Γ£à WhatsApp Flow encryption keys loaded from environment variables
Γ£à Redis client connected
≡ƒöä Redis: Connecting...
Γ£à Rate Limiter: Redis connected
ΓÅ░ [Aggregation] Setting up cron jobs...
Γ£à [Aggregation] Cron jobs set up successfully
Γ£à Analytics aggregation jobs initialized
Server is listening on port: 8080
Γ£à Redis client ready
Γ£à Redis: Connected and ready
Γ£à Media Redis client connected
Γ£à Media Redis ready
Γ£à Redis connections verified
Webhook Processing Start
Γ£à Webhook signature validated successfully
Contact:  { profile: { name: 'Adarsh Sharma' }, wa_id: '919643393874' }
Γ£à Redis connections verified
Contact:  { profile: { name: 'Adarsh Sharma' }, wa_id: '919643393874' }

----- OUTGOING REQUEST -----
URL: https://django-faecdbgwhgepemec.canadacentral-01.azurewebsites.net/whatsapp_convo_post/919643393874/?source=whatsapp
METHOD: POST
HEADERS SENT: Object [AxiosHeaders] {
  Accept: 'application/json, text/plain, */*',
  'Content-Type': 'application/json',
  'X-Tenant-Id': 'ecdayvn',
  Authorization: 'Bearer eyJhbGciOiJIUzI1NiIsInR5cCI6IkpXVCJ9.eyJzdWIiOiJ3aGF0c2FwcF9ib3QiLCJ0ZW5hbnRfaWQiOiJhaSIsInJvbGUiOiJzeXN0ZW0iLCJ0aWVyIjoiZW50ZXJwcmlzZSIsInNjb3BlIjoic2VydmljZSIsImV4cCI6MjA1NDk3NDY2OX0.SLXxiBy00-NP9dBVcPl-9b5E0QtakNUajRKAjeXgFG8'
}
-----------------------------


----- OUTGOING REQUEST -----
URL: https://fastapione-gue2c5ecc9c4b8hy.centralindia-01.azurewebsites.net/notifications
METHOD: POST
HEADERS SENT: Object [AxiosHeaders] {
  Accept: 'application/json, text/plain, */*',
  'Content-Type': undefined,
  'X-Tenant-Id': 'ecdayvn',
  Authorization: 'Bearer eyJhbGciOiJIUzI1NiIsInR5cCI6IkpXVCJ9.eyJzdWIiOiJ3aGF0c2FwcF9ib3QiLCJ0ZW5hbnRfaWQiOiJhaSIsInJvbGUiOiJzeXN0ZW0iLCJ0aWVyIjoiZW50ZXJwcmlzZSIsInNjb3BlIjoic2VydmljZSIsImV4cCI6MjA1NDk3NDY2OX0.SLXxiBy00-NP9dBVcPl-9b5E0QtakNUajRKAjeXgFG8'
}
-----------------------------


----- OUTGOING REQUEST -----
URL: https://django-faecdbgwhgepemec.canadacentral-01.azurewebsites.net/update-last-seen/919643393874/replied
METHOD: PATCH
HEADERS SENT: Object [AxiosHeaders] {
  Accept: 'application/json, text/plain, */*',
  'Content-Type': undefined,
  bpid: '633229189882626',
  Authorization: 'Bearer eyJhbGciOiJIUzI1NiIsInR5cCI6IkpXVCJ9.eyJzdWIiOiJ3aGF0c2FwcF9ib3QiLCJ0ZW5hbnRfaWQiOiJhaSIsInJvbGUiOiJzeXN0ZW0iLCJ0aWVyIjoiZW50ZXJwcmlzZSIsInNjb3BlIjoic2VydmljZSIsImV4cCI6MjA1NDk3NDY2OX0.SLXxiBy00-NP9dBVcPl-9b5E0QtakNUajRKAjeXgFG8'
}
-----------------------------


----- OUTGOING REQUEST -----
URL: https://graph.facebook.com/v18.0/633229189882626/messages
METHOD: POST
HEADERS SENT: Object [AxiosHeaders] {
  Accept: 'application/json, text/plain, */*',
  'Content-Type': undefined,
  Authorization: 'Bearer EAAVZBobCt7AcBO2GUmdSAwUj1kvGqVDyZBhKvf7teV8DfjIrHUhI8jZC7VOz2BSLHy4MjALe73DRmFBFpNzkCoVONSpof4cERZBM7zx26nZAYRbslYmZAv03comASiVh33o5ZCesZBC8Vh6vfpupM5ekcLP25ncpPZAxZCZAoe7yrnwNx2WImjdtpxLM8SG5wBKUxCOH5U50kXDSB1PYdEiYh70sXw1vBKpsuDPc22JhbAoOkCskprNAPGurHlPj13z'
}
-----------------------------

Response updating last seen:  { success: true, message: 'Update accepted' }
handleInput called with value: Hi
No valid inputVariable found, skipping API call.
Returning updated userSession:
=== LEGACY MODE DEBUG ===
Current Node: 23
Node Type: customint
Next Node Array: [ 26 ]
Adjacency List: [[1,2],[3],[4],[25],[24],[6,7],[16],[11],[9,10],[15],[11],[12,13,14],[0],[23],[27],[22],[21],[18],[19,20],[11],[23],[8],[5],[26],[21],[22],[21],[28,29],[30],[17],[31],[18]]
========================
User at auto-advancing node "customint" - will execute via sendNodeMessage
Session saved before sending node message
Webhook processing completed successfully
Current Node:  23  | Flow Version: 1
flowlfolwolfowl:  { id: 23, body: 'letstrybest', type: 'customint' }

----- OUTGOING REQUEST -----
URL: https://nurenaiautomatic-b7hmdnb4fzbpbtbh.canadacentral-01.azurewebsites.net/webhook/ecdayvn
METHOD: POST
HEADERS SENT: Object [AxiosHeaders] {
  Accept: 'application/json, text/plain, */*',
  'Content-Type': 'application/json',
  Authorization: 'Bearer EAAVZBobCt7AcBO2GUmdSAwUj1kvGqVDyZBhKvf7teV8DfjIrHUhI8jZC7VOz2BSLHy4MjALe73DRmFBFpNzkCoVONSpof4cERZBM7zx26nZAYRbslYmZAv03comASiVh33o5ZCesZBC8Vh6vfpupM5ekcLP25ncpPZAxZCZAoe7yrnwNx2WImjdtpxLM8SG5wBKUxCOH5U50kXDSB1PYdEiYh70sXw1vBKpsuDPc22JhbAoOkCskprNAPGurHlPj13z'
}
-----------------------------

recieved n8n response
Sending message to: 919643393874
Failed to send message: Cannot create property 'messaging_product' on string ''
Message sent successfully
customint advanced from node to 26, session saved
Current Node:  26  | Flow Version: 1
flowlfolwolfowl:  {
  id: 26,
  body: 'ΓÜá∩╕Å Once you place the order, you canΓÇÖt add or remove items.\n' +
    'Please make sure your cart is final.',
  type: 'string'
}
message b4 replacement:  ΓÜá∩╕Å Once you place the order, you canΓÇÖt add or remove items.
Please make sure your cart is final.
MEssage after replacing:  ΓÜá∩╕Å Once you place the order, you canΓÇÖt add or remove items.
Please make sure your cart is final.
cCess:token:  EAAVZBobCt7AcBO2GUmdSAwUj1kvGqVDyZBhKvf7teV8DfjIrHUhI8jZC7VOz2BSLHy4MjALe73DRmFBFpNzkCoVONSpof4cERZBM7zx26nZAYRbslYmZAv03comASiVh33o5ZCesZBC8Vh6vfpupM5ekcLP25ncpPZAxZCZAoe7yrnwNx2WImjdtpxLM8SG5wBKUxCOH5U50kXDSB1PYdEiYh70sXw1vBKpsuDPc22JhbAoOkCskprNAPGurHlPj13z
Sending message to: 919643393874
Sending Message

----- OUTGOING REQUEST -----
URL: https://graph.facebook.com/v18.0/633229189882626/messages
METHOD: POST
HEADERS SENT: Object [AxiosHeaders] {
  Accept: 'application/json, text/plain, */*',
  'Content-Type': undefined,
  Authorization: 'Bearer EAAVZBobCt7AcBO2GUmdSAwUj1kvGqVDyZBhKvf7teV8DfjIrHUhI8jZC7VOz2BSLHy4MjALe73DRmFBFpNzkCoVONSpof4cERZBM7zx26nZAYRbslYmZAv03comASiVh33o5ZCesZBC8Vh6vfpupM5ekcLP25ncpPZAxZCZAoe7yrnwNx2WImjdtpxLM8SG5wBKUxCOH5U50kXDSB1PYdEiYh70sXw1vBKpsuDPc22JhbAoOkCskprNAPGurHlPj13z'
}
-----------------------------

Webhook Processing Start
Γ£à Webhook signature validated successfully
Webhook Processing Complete
Message sent successfully: {
  messaging_product: 'whatsapp',
  contacts: [ { input: '919643393874', wa_id: '919643393874' } ],
  messages: [
    {
      id: 'wamid.HBgMOTE5NjQzMzkzODc0FQIAERgSQjgyMkVFNzk0QzkxMDU4QUUyAA=='
    }
  ]
}
Tenant sent in send-message:  ecdayvn
Webhook Processing Start
Γ£à Webhook signature validated successfully

----- OUTGOING REQUEST -----
URL: https://django-faecdbgwhgepemec.canadacentral-01.azurewebsites.net/individual_message_statistics/
METHOD: POST
HEADERS SENT: Object [AxiosHeaders] {
  Accept: 'application/json, text/plain, */*',
  'Content-Type': undefined,
  bpid: '633229189882626',
  Authorization: 'Bearer eyJhbGciOiJIUzI1NiIsInR5cCI6IkpXVCJ9.eyJzdWIiOiJ3aGF0c2FwcF9ib3QiLCJ0ZW5hbnRfaWQiOiJhaSIsInJvbGUiOiJzeXN0ZW0iLCJ0aWVyIjoiZW50ZXJwcmlzZSIsInNjb3BlIjoic2VydmljZSIsImV4cCI6MjA1NDk3NDY2OX0.SLXxiBy00-NP9dBVcPl-9b5E0QtakNUajRKAjeXgFG8'
}
-----------------------------


----- OUTGOING REQUEST -----
URL: https://django-faecdbgwhgepemec.canadacentral-01.azurewebsites.net/update-last-seen/919643393874/seen
METHOD: PATCH
HEADERS SENT: Object [AxiosHeaders] {
  Accept: 'application/json, text/plain, */*',
  'Content-Type': undefined,
  bpid: '633229189882626',
  Authorization: 'Bearer eyJhbGciOiJIUzI1NiIsInR5cCI6IkpXVCJ9.eyJzdWIiOiJ3aGF0c2FwcF9ib3QiLCJ0ZW5hbnRfaWQiOiJhaSIsInJvbGUiOiJzeXN0ZW0iLCJ0aWVyIjoiZW50ZXJwcmlzZSIsInNjb3BlIjoic2VydmljZSIsImV4cCI6MjA1NDk3NDY2OX0.SLXxiBy00-NP9dBVcPl-9b5E0QtakNUajRKAjeXgFG8'
}
-----------------------------

Webhook Processing Start
Γ£à Webhook signature validated successfully
Delivered:  919643393874

----- OUTGOING REQUEST -----
URL: https://django-faecdbgwhgepemec.canadacentral-01.azurewebsites.net/individual_message_statistics/
METHOD: POST
HEADERS SENT: Object [AxiosHeaders] {
  Accept: 'application/json, text/plain, */*',
  'Content-Type': undefined,
  bpid: '633229189882626',
  Authorization: 'Bearer eyJhbGciOiJIUzI1NiIsInR5cCI6IkpXVCJ9.eyJzdWIiOiJ3aGF0c2FwcF9ib3QiLCJ0ZW5hbnRfaWQiOiJhaSIsInJvbGUiOiJzeXN0ZW0iLCJ0aWVyIjoiZW50ZXJwcmlzZSIsInNjb3BlIjoic2VydmljZSIsImV4cCI6MjA1NDk3NDY2OX0.SLXxiBy00-NP9dBVcPl-9b5E0QtakNUajRKAjeXgFG8'
}
-----------------------------


----- OUTGOING REQUEST -----
URL: https://django-faecdbgwhgepemec.canadacentral-01.azurewebsites.net/update-last-seen/919643393874/delivered
METHOD: PATCH
HEADERS SENT: Object [AxiosHeaders] {
  Accept: 'application/json, text/plain, */*',
  'Content-Type': undefined,
  bpid: '633229189882626',
  Authorization: 'Bearer eyJhbGciOiJIUzI1NiIsInR5cCI6IkpXVCJ9.eyJzdWIiOiJ3aGF0c2FwcF9ib3QiLCJ0ZW5hbnRfaWQiOiJhaSIsInJvbGUiOiJzeXN0ZW0iLCJ0aWVyIjoiZW50ZXJwcmlzZSIsInNjb3BlIjoic2VydmljZSIsImV4cCI6MjA1NDk3NDY2OX0.SLXxiBy00-NP9dBVcPl-9b5E0QtakNUajRKAjeXgFG8'
}
-----------------------------

Webhook Processing Start
Γ£à Webhook signature validated successfully
Webhook Processing Complete
Response updating last seen:  { success: true, message: 'Update accepted' }
Γ£à Analytics database connected
ΓÜá∩╕Å  Redis not available - getTemplateName called in local mode
Γ¥î Database query error: error: relation "message_events" does not exist
    at C:\Users\Adarsh\MyProject\Deployed_Finals\djangobackendaug2025\whatsapp_latest_final-mainjunk\whatsapp_bot_server_withclaude\node_modules\pg-pool\index.js:45:11
    at process.processTicksAndRejections (node:internal/process/task_queues:95:5)
    at async query (file:///C:/Users/Adarsh/MyProject/Deployed_Finals/djangobackendaug2025/whatsapp_latest_final-mainjunk/whatsapp_bot_server_withclaude/analytics/db.js:37:17)
    at async trackMessageSend (file:///C:/Users/Adarsh/MyProject/Deployed_Finals/djangobackendaug2025/whatsapp_latest_final-mainjunk/whatsapp_bot_server_withclaude/analytics/tracker.js:49:20)
    at async sendMessage (file:///C:/Users/Adarsh/MyProject/Deployed_Finals/djangobackendaug2025/whatsapp_latest_final-mainjunk/whatsapp_bot_server_withclaude/send-message.js:48:17)
    at async processNodeLegacy (file:///C:/Users/Adarsh/MyProject/Deployed_Finals/djangobackendaug2025/whatsapp_latest_final-mainjunk/whatsapp_bot_server_withclaude/mainwebhook/snm.js:469:17)
    at async sendNodeMessage (file:///C:/Users/Adarsh/MyProject/Deployed_Finals/djangobackendaug2025/whatsapp_latest_final-mainjunk/whatsapp_bot_server_withclaude/mainwebhook/snm.js:260:13)
    at async processNodeLegacy (file:///C:/Users/Adarsh/MyProject/Deployed_Finals/djangobackendaug2025/whatsapp_latest_final-mainjunk/whatsapp_bot_server_withclaude/mainwebhook/snm.js:662:25)
    at async sendNodeMessage (file:///C:/Users/Adarsh/MyProject/Deployed_Finals/djangobackendaug2025/whatsapp_latest_final-mainjunk/whatsapp_bot_server_withclaude/mainwebhook/snm.js:260:13) {
  length: 113,
  severity: 'ERROR',
  code: '42P01',
  detail: undefined,
  hint: undefined,
  position: '20',
  internalPosition: undefined,
  internalQuery: undefined,
  where: undefined,
  schema: undefined,
  table: undefined,
  column: undefined,
  dataType: undefined,
  constraint: undefined,
  file: 'parse_relation.c',
  line: '1180',
  routine: 'parserOpenTable'
}
Γ¥î [Analytics] Error tracking message send: error: relation "message_events" does not exist
    at C:\Users\Adarsh\MyProject\Deployed_Finals\djangobackendaug2025\whatsapp_latest_final-mainjunk\whatsapp_bot_server_withclaude\node_modules\pg-pool\index.js:45:11
    at process.processTicksAndRejections (node:internal/process/task_queues:95:5)
    at async query (file:///C:/Users/Adarsh/MyProject/Deployed_Finals/djangobackendaug2025/whatsapp_latest_final-mainjunk/whatsapp_bot_server_withclaude/analytics/db.js:37:17)
    at async trackMessageSend (file:///C:/Users/Adarsh/MyProject/Deployed_Finals/djangobackendaug2025/whatsapp_latest_final-mainjunk/whatsapp_bot_server_withclaude/analytics/tracker.js:49:20)
    at async sendMessage (file:///C:/Users/Adarsh/MyProject/Deployed_Finals/djangobackendaug2025/whatsapp_latest_final-mainjunk/whatsapp_bot_server_withclaude/send-message.js:48:17)
    at async processNodeLegacy (file:///C:/Users/Adarsh/MyProject/Deployed_Finals/djangobackendaug2025/whatsapp_latest_final-mainjunk/whatsapp_bot_server_withclaude/mainwebhook/snm.js:469:17)
    at async sendNodeMessage (file:///C:/Users/Adarsh/MyProject/Deployed_Finals/djangobackendaug2025/whatsapp_latest_final-mainjunk/whatsapp_bot_server_withclaude/mainwebhook/snm.js:260:13)
    at async processNodeLegacy (file:///C:/Users/Adarsh/MyProject/Deployed_Finals/djangobackendaug2025/whatsapp_latest_final-mainjunk/whatsapp_bot_server_withclaude/mainwebhook/snm.js:662:25)
    at async sendNodeMessage (file:///C:/Users/Adarsh/MyProject/Deployed_Finals/djangobackendaug2025/whatsapp_latest_final-mainjunk/whatsapp_bot_server_withclaude/mainwebhook/snm.js:260:13) {
  length: 113,
  severity: 'ERROR',
  code: '42P01',
  detail: undefined,
  hint: undefined,
  position: '20',
  internalPosition: undefined,
  internalQuery: undefined,
  where: undefined,
  schema: undefined,
  table: undefined,
  column: undefined,
  dataType: undefined,
  constraint: undefined,
  file: 'parse_relation.c',
  line: '1180',
  routine: 'parserOpenTable'
}
Emitted Node Message

----- OUTGOING REQUEST -----
URL: https://django-faecdbgwhgepemec.canadacentral-01.azurewebsites.net/whatsapp_convo_post/919643393874/?source=whatsapp
METHOD: POST
HEADERS SENT: Object [AxiosHeaders] {
  Accept: 'application/json, text/plain, */*',
  'Content-Type': 'application/json',
  'X-Tenant-Id': 'ecdayvn',
  Authorization: 'Bearer eyJhbGciOiJIUzI1NiIsInR5cCI6IkpXVCJ9.eyJzdWIiOiJ3aGF0c2FwcF9ib3QiLCJ0ZW5hbnRfaWQiOiJhaSIsInJvbGUiOiJzeXN0ZW0iLCJ0aWVyIjoiZW50ZXJwcmlzZSIsInNjb3BlIjoic2VydmljZSIsImV4cCI6MjA1NDk3NDY2OX0.SLXxiBy00-NP9dBVcPl-9b5E0QtakNUajRKAjeXgFG8'
}
-----------------------------

string currNode:  21
Γ£à Analytics database connected
Webhook Processing Start
Γ£à Webhook signature validated successfully
Delivered:  919643393874

----- OUTGOING REQUEST -----
URL: https://django-faecdbgwhgepemec.canadacentral-01.azurewebsites.net/individual_message_statistics/
METHOD: POST
HEADERS SENT: Object [AxiosHeaders] {
  Accept: 'application/json, text/plain, */*',
  'Content-Type': undefined,
  bpid: '633229189882626',
  Authorization: 'Bearer eyJhbGciOiJIUzI1NiIsInR5cCI6IkpXVCJ9.eyJzdWIiOiJ3aGF0c2FwcF9ib3QiLCJ0ZW5hbnRfaWQiOiJhaSIsInJvbGUiOiJzeXN0ZW0iLCJ0aWVyIjoiZW50ZXJwcmlzZSIsInNjb3BlIjoic2VydmljZSIsImV4cCI6MjA1NDk3NDY2OX0.SLXxiBy00-NP9dBVcPl-9b5E0QtakNUajRKAjeXgFG8'
}
-----------------------------


----- OUTGOING REQUEST -----
URL: https://django-faecdbgwhgepemec.canadacentral-01.azurewebsites.net/update-last-seen/919643393874/delivered
METHOD: PATCH
HEADERS SENT: Object [AxiosHeaders] {
  Accept: 'application/json, text/plain, */*',
  'Content-Type': undefined,
  bpid: '633229189882626',
  Authorization: 'Bearer eyJhbGciOiJIUzI1NiIsInR5cCI6IkpXVCJ9.eyJzdWIiOiJ3aGF0c2FwcF9ib3QiLCJ0ZW5hbnRfaWQiOiJhaSIsInJvbGUiOiJzeXN0ZW0iLCJ0aWVyIjoiZW50ZXJwcmlzZSIsInNjb3BlIjoic2VydmljZSIsImV4cCI6MjA1NDk3NDY2OX0.SLXxiBy00-NP9dBVcPl-9b5E0QtakNUajRKAjeXgFG8'
}
-----------------------------

Current Node:  21  | Flow Version: 1
flowlfolwolfowl:  { id: 21, body: 'delay', type: 'customint' }
Updated Current Node:  21

----- OUTGOING REQUEST -----
URL: https://nurenaiautomatic-b7hmdnb4fzbpbtbh.canadacentral-01.azurewebsites.net/webhook/ecdayvn
METHOD: POST
HEADERS SENT: Object [AxiosHeaders] {
  Accept: 'application/json, text/plain, */*',
  'Content-Type': 'application/json',
  Authorization: 'Bearer EAAVZBobCt7AcBO2GUmdSAwUj1kvGqVDyZBhKvf7teV8DfjIrHUhI8jZC7VOz2BSLHy4MjALe73DRmFBFpNzkCoVONSpof4cERZBM7zx26nZAYRbslYmZAv03comASiVh33o5ZCesZBC8Vh6vfpupM5ekcLP25ncpPZAxZCZAoe7yrnwNx2WImjdtpxLM8SG5wBKUxCOH5U50kXDSB1PYdEiYh70sXw1vBKpsuDPc22JhbAoOkCskprNAPGurHlPj13z'
}
-----------------------------

Response updating last seen:  { success: true, message: 'Update accepted' }
Updated Current Node:  26
Γ¥î Database query error: error: relation "message_events" does not exist
    at C:\Users\Adarsh\MyProject\Deployed_Finals\djangobackendaug2025\whatsapp_latest_final-mainjunk\whatsapp_bot_server_withclaude\node_modules\pg-pool\index.js:45:11
    at process.processTicksAndRejections (node:internal/process/task_queues:95:5)
    at async query (file:///C:/Users/Adarsh/MyProject/Deployed_Finals/djangobackendaug2025/whatsapp_latest_final-mainjunk/whatsapp_bot_server_withclaude/analytics/db.js:37:17)
    at async updateMessageEvent (file:///C:/Users/Adarsh/MyProject/Deployed_Finals/djangobackendaug2025/whatsapp_latest_final-mainjunk/whatsapp_bot_server_withclaude/analytics/tracker.js:95:20)
    at async trackMessageStatus (file:///C:/Users/Adarsh/MyProject/Deployed_Finals/djangobackendaug2025/whatsapp_latest_final-mainjunk/whatsapp_bot_server_withclaude/analytics/tracker.js:152:5)
    at async file:///C:/Users/Adarsh/MyProject/Deployed_Finals/djangobackendaug2025/whatsapp_latest_final-mainjunk/whatsapp_bot_server_withclaude/routes/webhookRoute.js:712:11 {
  length: 113,
  severity: 'ERROR',
  code: '42P01',
  detail: undefined,
  hint: undefined,
  position: '13',
  internalPosition: undefined,
  internalQuery: undefined,
  where: undefined,
  schema: undefined,
  table: undefined,
  column: undefined,
  dataType: undefined,
  constraint: undefined,
  file: 'parse_relation.c',
  line: '1180',
  routine: 'parserOpenTable'
}
Γ¥î [Analytics] Error updating message event: error: relation "message_events" does not exist
    at C:\Users\Adarsh\MyProject\Deployed_Finals\djangobackendaug2025\whatsapp_latest_final-mainjunk\whatsapp_bot_server_withclaude\node_modules\pg-pool\index.js:45:11
    at process.processTicksAndRejections (node:internal/process/task_queues:95:5)
    at async query (file:///C:/Users/Adarsh/MyProject/Deployed_Finals/djangobackendaug2025/whatsapp_latest_final-mainjunk/whatsapp_bot_server_withclaude/analytics/db.js:37:17)
    at async updateMessageEvent (file:///C:/Users/Adarsh/MyProject/Deployed_Finals/djangobackendaug2025/whatsapp_latest_final-mainjunk/whatsapp_bot_server_withclaude/analytics/tracker.js:95:20)
    at async trackMessageStatus (file:///C:/Users/Adarsh/MyProject/Deployed_Finals/djangobackendaug2025/whatsapp_latest_final-mainjunk/whatsapp_bot_server_withclaude/analytics/tracker.js:152:5)
    at async file:///C:/Users/Adarsh/MyProject/Deployed_Finals/djangobackendaug2025/whatsapp_latest_final-mainjunk/whatsapp_bot_server_withclaude/routes/webhookRoute.js:712:11 {
  length: 113,
  severity: 'ERROR',
  code: '42P01',
  detail: undefined,
  hint: undefined,
  position: '13',
  internalPosition: undefined,
  internalQuery: undefined,
  where: undefined,
  schema: undefined,
  table: undefined,
  column: undefined,
  dataType: undefined,
  constraint: undefined,
  file: 'parse_relation.c',
  line: '1180',
  routine: 'parserOpenTable'
}
Webhook Processing Start
Γ£à Webhook signature validated successfully

----- OUTGOING REQUEST -----
URL: https://django-faecdbgwhgepemec.canadacentral-01.azurewebsites.net/individual_message_statistics/
METHOD: POST
HEADERS SENT: Object [AxiosHeaders] {
  Accept: 'application/json, text/plain, */*',
  'Content-Type': undefined,
  bpid: '633229189882626',
  Authorization: 'Bearer eyJhbGciOiJIUzI1NiIsInR5cCI6IkpXVCJ9.eyJzdWIiOiJ3aGF0c2FwcF9ib3QiLCJ0ZW5hbnRfaWQiOiJhaSIsInJvbGUiOiJzeXN0ZW0iLCJ0aWVyIjoiZW50ZXJwcmlzZSIsInNjb3BlIjoic2VydmljZSIsImV4cCI6MjA1NDk3NDY2OX0.SLXxiBy00-NP9dBVcPl-9b5E0QtakNUajRKAjeXgFG8'
}
-----------------------------


----- OUTGOING REQUEST -----
URL: https://django-faecdbgwhgepemec.canadacentral-01.azurewebsites.net/update-last-seen/919643393874/seen
METHOD: PATCH
HEADERS SENT: Object [AxiosHeaders] {
  Accept: 'application/json, text/plain, */*',
  'Content-Type': undefined,
  bpid: '633229189882626',
  Authorization: 'Bearer eyJhbGciOiJIUzI1NiIsInR5cCI6IkpXVCJ9.eyJzdWIiOiJ3aGF0c2FwcF9ib3QiLCJ0ZW5hbnRfaWQiOiJhaSIsInJvbGUiOiJzeXN0ZW0iLCJ0aWVyIjoiZW50ZXJwcmlzZSIsInNjb3BlIjoic2VydmljZSIsImV4cCI6MjA1NDk3NDY2OX0.SLXxiBy00-NP9dBVcPl-9b5E0QtakNUajRKAjeXgFG8'
}
-----------------------------

ΓÜá∩╕Å  Redis not available - getTemplateName called in local mode
Response updating last seen:  { success: true, message: 'Update accepted' }
Γ£à Analytics database connected
Response updating last seen:  { success: true, message: 'Update accepted' }
Γ¥î Database query error: error: relation "message_events" does not exist
    at C:\Users\Adarsh\MyProject\Deployed_Finals\djangobackendaug2025\whatsapp_latest_final-mainjunk\whatsapp_bot_server_withclaude\node_modules\pg-pool\index.js:45:11
    at process.processTicksAndRejections (node:internal/process/task_queues:95:5)
    at async query (file:///C:/Users/Adarsh/MyProject/Deployed_Finals/djangobackendaug2025/whatsapp_latest_final-mainjunk/whatsapp_bot_server_withclaude/analytics/db.js:37:17)
    at async updateMessageEvent (file:///C:/Users/Adarsh/MyProject/Deployed_Finals/djangobackendaug2025/whatsapp_latest_final-mainjunk/whatsapp_bot_server_withclaude/analytics/tracker.js:95:20)
    at async trackMessageStatus (file:///C:/Users/Adarsh/MyProject/Deployed_Finals/djangobackendaug2025/whatsapp_latest_final-mainjunk/whatsapp_bot_server_withclaude/analytics/tracker.js:152:5)
    at async file:///C:/Users/Adarsh/MyProject/Deployed_Finals/djangobackendaug2025/whatsapp_latest_final-mainjunk/whatsapp_bot_server_withclaude/routes/webhookRoute.js:694:11 {
  length: 113,
  severity: 'ERROR',
  code: '42P01',
  detail: undefined,
  hint: undefined,
  position: '13',
  internalPosition: undefined,
  internalQuery: undefined,
  where: undefined,
  schema: undefined,
  table: undefined,
  column: undefined,
  dataType: undefined,
  constraint: undefined,
  file: 'parse_relation.c',
  line: '1180',
  routine: 'parserOpenTable'
}
Γ¥î [Analytics] Error updating message event: error: relation "message_events" does not exist
    at C:\Users\Adarsh\MyProject\Deployed_Finals\djangobackendaug2025\whatsapp_latest_final-mainjunk\whatsapp_bot_server_withclaude\node_modules\pg-pool\index.js:45:11
    at process.processTicksAndRejections (node:internal/process/task_queues:95:5)
    at async query (file:///C:/Users/Adarsh/MyProject/Deployed_Finals/djangobackendaug2025/whatsapp_latest_final-mainjunk/whatsapp_bot_server_withclaude/analytics/db.js:37:17)
    at async updateMessageEvent (file:///C:/Users/Adarsh/MyProject/Deployed_Finals/djangobackendaug2025/whatsapp_latest_final-mainjunk/whatsapp_bot_server_withclaude/analytics/tracker.js:95:20)
    at async trackMessageStatus (file:///C:/Users/Adarsh/MyProject/Deployed_Finals/djangobackendaug2025/whatsapp_latest_final-mainjunk/whatsapp_bot_server_withclaude/analytics/tracker.js:152:5)
    at async file:///C:/Users/Adarsh/MyProject/Deployed_Finals/djangobackendaug2025/whatsapp_latest_final-mainjunk/whatsapp_bot_server_withclaude/routes/webhookRoute.js:694:11 {
  length: 113,
  severity: 'ERROR',
  code: '42P01',
  detail: undefined,
  hint: undefined,
  position: '13',
  internalPosition: undefined,
  internalQuery: undefined,
  where: undefined,
  schema: undefined,
  table: undefined,
  column: undefined,
  dataType: undefined,
  constraint: undefined,
  file: 'parse_relation.c',
  line: '1180',
  routine: 'parserOpenTable'
}
Γ£à Analytics database connected
Γ¥î Database query error: error: relation "message_events" does not exist
    at C:\Users\Adarsh\MyProject\Deployed_Finals\djangobackendaug2025\whatsapp_latest_final-mainjunk\whatsapp_bot_server_withclaude\node_modules\pg-pool\index.js:45:11
    at process.processTicksAndRejections (node:internal/process/task_queues:95:5)
    at async query (file:///C:/Users/Adarsh/MyProject/Deployed_Finals/djangobackendaug2025/whatsapp_latest_final-mainjunk/whatsapp_bot_server_withclaude/analytics/db.js:37:17)
    at async trackMessageStatus (file:///C:/Users/Adarsh/MyProject/Deployed_Finals/djangobackendaug2025/whatsapp_latest_final-mainjunk/whatsapp_bot_server_withclaude/analytics/tracker.js:155:26)
    at async file:///C:/Users/Adarsh/MyProject/Deployed_Finals/djangobackendaug2025/whatsapp_latest_final-mainjunk/whatsapp_bot_server_withclaude/routes/webhookRoute.js:712:11 {
  length: 113,
  severity: 'ERROR',
  code: '42P01',
  detail: undefined,
  hint: undefined,
  position: '23',
  internalPosition: undefined,
  internalQuery: undefined,
  where: undefined,
  schema: undefined,
  table: undefined,
  column: undefined,
  dataType: undefined,
  constraint: undefined,
  file: 'parse_relation.c',
  line: '1180',
  routine: 'parserOpenTable'
}
Γ¥î [Analytics] Error tracking message status: error: relation "message_events" does not exist
    at C:\Users\Adarsh\MyProject\Deployed_Finals\djangobackendaug2025\whatsapp_latest_final-mainjunk\whatsapp_bot_server_withclaude\node_modules\pg-pool\index.js:45:11
    at process.processTicksAndRejections (node:internal/process/task_queues:95:5)
    at async query (file:///C:/Users/Adarsh/MyProject/Deployed_Finals/djangobackendaug2025/whatsapp_latest_final-mainjunk/whatsapp_bot_server_withclaude/analytics/db.js:37:17)
    at async trackMessageStatus (file:///C:/Users/Adarsh/MyProject/Deployed_Finals/djangobackendaug2025/whatsapp_latest_final-mainjunk/whatsapp_bot_server_withclaude/analytics/tracker.js:155:26)
    at async file:///C:/Users/Adarsh/MyProject/Deployed_Finals/djangobackendaug2025/whatsapp_latest_final-mainjunk/whatsapp_bot_server_withclaude/routes/webhookRoute.js:712:11 {
  length: 113,
  severity: 'ERROR',
  code: '42P01',
  detail: undefined,
  hint: undefined,
  position: '23',
  internalPosition: undefined,
  internalQuery: undefined,
  where: undefined,
  schema: undefined,
  table: undefined,
  column: undefined,
  dataType: undefined,
  constraint: undefined,
  file: 'parse_relation.c',
  line: '1180',
  routine: 'parserOpenTable'
}
Webhook Processing Complete
Γ£à Analytics database connected
Γ¥î Database query error: error: relation "message_events" does not exist
    at C:\Users\Adarsh\MyProject\Deployed_Finals\djangobackendaug2025\whatsapp_latest_final-mainjunk\whatsapp_bot_server_withclaude\node_modules\pg-pool\index.js:45:11
    at process.processTicksAndRejections (node:internal/process/task_queues:95:5)
    at async query (file:///C:/Users/Adarsh/MyProject/Deployed_Finals/djangobackendaug2025/whatsapp_latest_final-mainjunk/whatsapp_bot_server_withclaude/analytics/db.js:37:17)
    at async updateMessageEvent (file:///C:/Users/Adarsh/MyProject/Deployed_Finals/djangobackendaug2025/whatsapp_latest_final-mainjunk/whatsapp_bot_server_withclaude/analytics/tracker.js:95:20)
    at async trackMessageStatus (file:///C:/Users/Adarsh/MyProject/Deployed_Finals/djangobackendaug2025/whatsapp_latest_final-mainjunk/whatsapp_bot_server_withclaude/analytics/tracker.js:152:5)
    at async file:///C:/Users/Adarsh/MyProject/Deployed_Finals/djangobackendaug2025/whatsapp_latest_final-mainjunk/whatsapp_bot_server_withclaude/routes/webhookRoute.js:712:11 {
  length: 113,
  severity: 'ERROR',
  code: '42P01',
  detail: undefined,
  hint: undefined,
  position: '13',
  internalPosition: undefined,
  internalQuery: undefined,
  where: undefined,
  schema: undefined,
  table: undefined,
  column: undefined,
  dataType: undefined,
  constraint: undefined,
  file: 'parse_relation.c',
  line: '1180',
  routine: 'parserOpenTable'
}
Γ¥î [Analytics] Error updating message event: error: relation "message_events" does not exist
    at C:\Users\Adarsh\MyProject\Deployed_Finals\djangobackendaug2025\whatsapp_latest_final-mainjunk\whatsapp_bot_server_withclaude\node_modules\pg-pool\index.js:45:11
    at process.processTicksAndRejections (node:internal/process/task_queues:95:5)
    at async query (file:///C:/Users/Adarsh/MyProject/Deployed_Finals/djangobackendaug2025/whatsapp_latest_final-mainjunk/whatsapp_bot_server_withclaude/analytics/db.js:37:17)
    at async updateMessageEvent (file:///C:/Users/Adarsh/MyProject/Deployed_Finals/djangobackendaug2025/whatsapp_latest_final-mainjunk/whatsapp_bot_server_withclaude/analytics/tracker.js:95:20)
    at async trackMessageStatus (file:///C:/Users/Adarsh/MyProject/Deployed_Finals/djangobackendaug2025/whatsapp_latest_final-mainjunk/whatsapp_bot_server_withclaude/analytics/tracker.js:152:5)
    at async file:///C:/Users/Adarsh/MyProject/Deployed_Finals/djangobackendaug2025/whatsapp_latest_final-mainjunk/whatsapp_bot_server_withclaude/routes/webhookRoute.js:712:11 {
  length: 113,
  severity: 'ERROR',
  code: '42P01',
  detail: undefined,
  hint: undefined,
  position: '13',
  internalPosition: undefined,
  internalQuery: undefined,
  where: undefined,
  schema: undefined,
  table: undefined,
  column: undefined,
  dataType: undefined,
  constraint: undefined,
  file: 'parse_relation.c',
  line: '1180',
  routine: 'parserOpenTable'
}
Γ£à Analytics database connected
Γ¥î Database query error: error: relation "message_events" does not exist
    at C:\Users\Adarsh\MyProject\Deployed_Finals\djangobackendaug2025\whatsapp_latest_final-mainjunk\whatsapp_bot_server_withclaude\node_modules\pg-pool\index.js:45:11
    at process.processTicksAndRejections (node:internal/process/task_queues:95:5)
    at async query (file:///C:/Users/Adarsh/MyProject/Deployed_Finals/djangobackendaug2025/whatsapp_latest_final-mainjunk/whatsapp_bot_server_withclaude/analytics/db.js:37:17)
    at async updateMessageEvent (file:///C:/Users/Adarsh/MyProject/Deployed_Finals/djangobackendaug2025/whatsapp_latest_final-mainjunk/whatsapp_bot_server_withclaude/analytics/tracker.js:95:20)
    at async trackMessageStatus (file:///C:/Users/Adarsh/MyProject/Deployed_Finals/djangobackendaug2025/whatsapp_latest_final-mainjunk/whatsapp_bot_server_withclaude/analytics/tracker.js:152:5)
    at async file:///C:/Users/Adarsh/MyProject/Deployed_Finals/djangobackendaug2025/whatsapp_latest_final-mainjunk/whatsapp_bot_server_withclaude/routes/webhookRoute.js:694:11 {
  length: 113,
  severity: 'ERROR',
  code: '42P01',
  detail: undefined,
  hint: undefined,
  position: '13',
  internalPosition: undefined,
  internalQuery: undefined,
  where: undefined,
  schema: undefined,
  table: undefined,
  column: undefined,
  dataType: undefined,
  constraint: undefined,
  file: 'parse_relation.c',
  line: '1180',
  routine: 'parserOpenTable'
}
Γ¥î [Analytics] Error updating message event: error: relation "message_events" does not exist
    at C:\Users\Adarsh\MyProject\Deployed_Finals\djangobackendaug2025\whatsapp_latest_final-mainjunk\whatsapp_bot_server_withclaude\node_modules\pg-pool\index.js:45:11
    at process.processTicksAndRejections (node:internal/process/task_queues:95:5)
    at async query (file:///C:/Users/Adarsh/MyProject/Deployed_Finals/djangobackendaug2025/whatsapp_latest_final-mainjunk/whatsapp_bot_server_withclaude/analytics/db.js:37:17)
    at async updateMessageEvent (file:///C:/Users/Adarsh/MyProject/Deployed_Finals/djangobackendaug2025/whatsapp_latest_final-mainjunk/whatsapp_bot_server_withclaude/analytics/tracker.js:95:20)
    at async trackMessageStatus (file:///C:/Users/Adarsh/MyProject/Deployed_Finals/djangobackendaug2025/whatsapp_latest_final-mainjunk/whatsapp_bot_server_withclaude/analytics/tracker.js:152:5)
    at async file:///C:/Users/Adarsh/MyProject/Deployed_Finals/djangobackendaug2025/whatsapp_latest_final-mainjunk/whatsapp_bot_server_withclaude/routes/webhookRoute.js:694:11 {
  length: 113,
  severity: 'ERROR',
  code: '42P01',
  detail: undefined,
  hint: undefined,
  position: '13',
  internalPosition: undefined,
  internalQuery: undefined,
  where: undefined,
  schema: undefined,
  table: undefined,
  column: undefined,
  dataType: undefined,
  constraint: undefined,
  file: 'parse_relation.c',
  line: '1180',
  routine: 'parserOpenTable'
}
Γ£à Analytics database connected
Γ¥î Database query error: error: relation "message_events" does not exist
    at C:\Users\Adarsh\MyProject\Deployed_Finals\djangobackendaug2025\whatsapp_latest_final-mainjunk\whatsapp_bot_server_withclaude\node_modules\pg-pool\index.js:45:11
    at process.processTicksAndRejections (node:internal/process/task_queues:95:5)
    at async query (file:///C:/Users/Adarsh/MyProject/Deployed_Finals/djangobackendaug2025/whatsapp_latest_final-mainjunk/whatsapp_bot_server_withclaude/analytics/db.js:37:17)
    at async trackMessageStatus (file:///C:/Users/Adarsh/MyProject/Deployed_Finals/djangobackendaug2025/whatsapp_latest_final-mainjunk/whatsapp_bot_server_withclaude/analytics/tracker.js:155:26)
    at async file:///C:/Users/Adarsh/MyProject/Deployed_Finals/djangobackendaug2025/whatsapp_latest_final-mainjunk/whatsapp_bot_server_withclaude/routes/webhookRoute.js:694:11 {
  length: 113,
  severity: 'ERROR',
  code: '42P01',
  detail: undefined,
  hint: undefined,
  position: '23',
  internalPosition: undefined,
  internalQuery: undefined,
  where: undefined,
  schema: undefined,
  table: undefined,
  column: undefined,
  dataType: undefined,
  constraint: undefined,
  file: 'parse_relation.c',
  line: '1180',
  routine: 'parserOpenTable'
}
Γ¥î [Analytics] Error tracking message status: error: relation "message_events" does not exist
    at C:\Users\Adarsh\MyProject\Deployed_Finals\djangobackendaug2025\whatsapp_latest_final-mainjunk\whatsapp_bot_server_withclaude\node_modules\pg-pool\index.js:45:11
    at process.processTicksAndRejections (node:internal/process/task_queues:95:5)
    at async query (file:///C:/Users/Adarsh/MyProject/Deployed_Finals/djangobackendaug2025/whatsapp_latest_final-mainjunk/whatsapp_bot_server_withclaude/analytics/db.js:37:17)
    at async trackMessageStatus (file:///C:/Users/Adarsh/MyProject/Deployed_Finals/djangobackendaug2025/whatsapp_latest_final-mainjunk/whatsapp_bot_server_withclaude/analytics/tracker.js:155:26)
    at async file:///C:/Users/Adarsh/MyProject/Deployed_Finals/djangobackendaug2025/whatsapp_latest_final-mainjunk/whatsapp_bot_server_withclaude/routes/webhookRoute.js:694:11 {
  length: 113,
  severity: 'ERROR',
  code: '42P01',
  detail: undefined,
  hint: undefined,
  position: '23',
  internalPosition: undefined,
  internalQuery: undefined,
  where: undefined,
  schema: undefined,
  table: undefined,
  column: undefined,
  dataType: undefined,
  constraint: undefined,
  file: 'parse_relation.c',
  line: '1180',
  routine: 'parserOpenTable'
}
Webhook Processing Complete
Γ£à Analytics database connected
Γ¥î Database query error: error: relation "message_events" does not exist
    at C:\Users\Adarsh\MyProject\Deployed_Finals\djangobackendaug2025\whatsapp_latest_final-mainjunk\whatsapp_bot_server_withclaude\node_modules\pg-pool\index.js:45:11
    at process.processTicksAndRejections (node:internal/process/task_queues:95:5)
    at async query (file:///C:/Users/Adarsh/MyProject/Deployed_Finals/djangobackendaug2025/whatsapp_latest_final-mainjunk/whatsapp_bot_server_withclaude/analytics/db.js:37:17)
    at async trackMessageStatus (file:///C:/Users/Adarsh/MyProject/Deployed_Finals/djangobackendaug2025/whatsapp_latest_final-mainjunk/whatsapp_bot_server_withclaude/analytics/tracker.js:155:26)
    at async file:///C:/Users/Adarsh/MyProject/Deployed_Finals/djangobackendaug2025/whatsapp_latest_final-mainjunk/whatsapp_bot_server_withclaude/routes/webhookRoute.js:712:11 {
  length: 113,
  severity: 'ERROR',
  code: '42P01',
  detail: undefined,
  hint: undefined,
  position: '23',
  internalPosition: undefined,
  internalQuery: undefined,
  where: undefined,
  schema: undefined,
  table: undefined,
  column: undefined,
  dataType: undefined,
  constraint: undefined,
  file: 'parse_relation.c',
  line: '1180',
  routine: 'parserOpenTable'
}
Γ¥î [Analytics] Error tracking message status: error: relation "message_events" does not exist
    at C:\Users\Adarsh\MyProject\Deployed_Finals\djangobackendaug2025\whatsapp_latest_final-mainjunk\whatsapp_bot_server_withclaude\node_modules\pg-pool\index.js:45:11
    at process.processTicksAndRejections (node:internal/process/task_queues:95:5)
    at async query (file:///C:/Users/Adarsh/MyProject/Deployed_Finals/djangobackendaug2025/whatsapp_latest_final-mainjunk/whatsapp_bot_server_withclaude/analytics/db.js:37:17)
    at async trackMessageStatus (file:///C:/Users/Adarsh/MyProject/Deployed_Finals/djangobackendaug2025/whatsapp_latest_final-mainjunk/whatsapp_bot_server_withclaude/analytics/tracker.js:155:26)
    at async file:///C:/Users/Adarsh/MyProject/Deployed_Finals/djangobackendaug2025/whatsapp_latest_final-mainjunk/whatsapp_bot_server_withclaude/routes/webhookRoute.js:712:11 {
  length: 113,
  severity: 'ERROR',
  code: '42P01',
  detail: undefined,
  hint: undefined,
  position: '23',
  internalPosition: undefined,
  internalQuery: undefined,
  where: undefined,
  schema: undefined,
  table: undefined,
  column: undefined,
  dataType: undefined,
  constraint: undefined,
  file: 'parse_relation.c',
  line: '1180',
  routine: 'parserOpenTable'
}
Webhook Processing Complete
Γ£à Analytics database connected
Γ¥î Database query error: error: relation "message_events" does not exist
    at C:\Users\Adarsh\MyProject\Deployed_Finals\djangobackendaug2025\whatsapp_latest_final-mainjunk\whatsapp_bot_server_withclaude\node_modules\pg-pool\index.js:45:11
    at process.processTicksAndRejections (node:internal/process/task_queues:95:5)
    at async query (file:///C:/Users/Adarsh/MyProject/Deployed_Finals/djangobackendaug2025/whatsapp_latest_final-mainjunk/whatsapp_bot_server_withclaude/analytics/db.js:37:17)
    at async trackMessageStatus (file:///C:/Users/Adarsh/MyProject/Deployed_Finals/djangobackendaug2025/whatsapp_latest_final-mainjunk/whatsapp_bot_server_withclaude/analytics/tracker.js:155:26)
    at async file:///C:/Users/Adarsh/MyProject/Deployed_Finals/djangobackendaug2025/whatsapp_latest_final-mainjunk/whatsapp_bot_server_withclaude/routes/webhookRoute.js:694:11 {
  length: 113,
  severity: 'ERROR',
  code: '42P01',
  detail: undefined,
  hint: undefined,
  position: '23',
  internalPosition: undefined,
  internalQuery: undefined,
  where: undefined,
  schema: undefined,
  table: undefined,
  column: undefined,
  dataType: undefined,
  constraint: undefined,
  file: 'parse_relation.c',
  line: '1180',
  routine: 'parserOpenTable'
}
Γ¥î [Analytics] Error tracking message status: error: relation "message_events" does not exist
    at C:\Users\Adarsh\MyProject\Deployed_Finals\djangobackendaug2025\whatsapp_latest_final-mainjunk\whatsapp_bot_server_withclaude\node_modules\pg-pool\index.js:45:11
    at process.processTicksAndRejections (node:internal/process/task_queues:95:5)
    at async query (file:///C:/Users/Adarsh/MyProject/Deployed_Finals/djangobackendaug2025/whatsapp_latest_final-mainjunk/whatsapp_bot_server_withclaude/analytics/db.js:37:17)
    at async trackMessageStatus (file:///C:/Users/Adarsh/MyProject/Deployed_Finals/djangobackendaug2025/whatsapp_latest_final-mainjunk/whatsapp_bot_server_withclaude/analytics/tracker.js:155:26)
    at async file:///C:/Users/Adarsh/MyProject/Deployed_Finals/djangobackendaug2025/whatsapp_latest_final-mainjunk/whatsapp_bot_server_withclaude/routes/webhookRoute.js:694:11 {
  length: 113,
  severity: 'ERROR',
  code: '42P01',
  detail: undefined,
  hint: undefined,
  position: '23',
  internalPosition: undefined,
  internalQuery: undefined,
  where: undefined,
  schema: undefined,
  table: undefined,
  column: undefined,
  dataType: undefined,
  constraint: undefined,
  file: 'parse_relation.c',
  line: '1180',
  routine: 'parserOpenTable'
}
Webhook Processing Complete
recieved n8n response
Sending message to: 919643393874
Sending Message

----- OUTGOING REQUEST -----
URL: https://graph.facebook.com/v18.0/633229189882626/messages
METHOD: POST
HEADERS SENT: Object [AxiosHeaders] {
  Accept: 'application/json, text/plain, */*',
  'Content-Type': undefined,
  Authorization: 'Bearer EAAVZBobCt7AcBO2GUmdSAwUj1kvGqVDyZBhKvf7teV8DfjIrHUhI8jZC7VOz2BSLHy4MjALe73DRmFBFpNzkCoVONSpof4cERZBM7zx26nZAYRbslYmZAv03comASiVh33o5ZCesZBC8Vh6vfpupM5ekcLP25ncpPZAxZCZAoe7yrnwNx2WImjdtpxLM8SG5wBKUxCOH5U50kXDSB1PYdEiYh70sXw1vBKpsuDPc22JhbAoOkCskprNAPGurHlPj13z'
}
-----------------------------

Failed to send message: {
  error: {
    message: '(#100) Invalid parameter',
    type: 'OAuthException',
    code: 100,
    error_data: {
      messaging_product: 'whatsapp',
      details: "Parameter 'text' is mandatory for type 'text'"
    },
    fbtrace_id: 'AZj7V0_R3Zqo_IlIESdko9i'
  }
}
Message sent successfully
customint advanced from node to 8, session saved
Current Node:  8  | Flow Version: 1
flowlfolwolfowl:  {
  id: 8,
  body: 'I have more in stock for you!',
  type: 'Button',
  variable: 'cateogrytwo',
  variableType: 'cateogrytwo'
}
message b4 replacement:  I have more in stock for you!
MEssage after replacing:  I have more in stock for you!
Information for buttons:  [ 9, 10 ] I have more in stock for you!
button_row: [
  { type: 'reply', reply: { id: 9, title: 'Bakery ≡ƒæ⌐≡ƒÅ╗ΓÇì≡ƒì│' } },
  { type: 'reply', reply: { id: 10, title: 'Main Menu' } }
]
Sending message to: 919643393874
Sending Message

----- OUTGOING REQUEST -----
URL: https://graph.facebook.com/v18.0/633229189882626/messages
METHOD: POST
HEADERS SENT: Object [AxiosHeaders] {
  Accept: 'application/json, text/plain, */*',
  'Content-Type': undefined,
  Authorization: 'Bearer EAAVZBobCt7AcBO2GUmdSAwUj1kvGqVDyZBhKvf7teV8DfjIrHUhI8jZC7VOz2BSLHy4MjALe73DRmFBFpNzkCoVONSpof4cERZBM7zx26nZAYRbslYmZAv03comASiVh33o5ZCesZBC8Vh6vfpupM5ekcLP25ncpPZAxZCZAoe7yrnwNx2WImjdtpxLM8SG5wBKUxCOH5U50kXDSB1PYdEiYh70sXw1vBKpsuDPc22JhbAoOkCskprNAPGurHlPj13z'
}
-----------------------------

Message sent successfully: {
  messaging_product: 'whatsapp',
  contacts: [ { input: '919643393874', wa_id: '919643393874' } ],
  messages: [
    {
      id: 'wamid.HBgMOTE5NjQzMzkzODc0FQIAERgSOEY1QTdBNjAzOUVDQjhBMDk2AA=='
    }
  ]
}
Tenant sent in send-message:  ecdayvn
Γ£à Analytics database connected
Webhook Processing Start
Γ£à Webhook signature validated successfully
Webhook Processing Complete
Γ¥î Database query error: error: relation "message_events" does not exist
    at C:\Users\Adarsh\MyProject\Deployed_Finals\djangobackendaug2025\whatsapp_latest_final-mainjunk\whatsapp_bot_server_withclaude\node_modules\pg-pool\index.js:45:11
    at process.processTicksAndRejections (node:internal/process/task_queues:95:5)
    at async query (file:///C:/Users/Adarsh/MyProject/Deployed_Finals/djangobackendaug2025/whatsapp_latest_final-mainjunk/whatsapp_bot_server_withclaude/analytics/db.js:37:17)
    at async trackMessageSend (file:///C:/Users/Adarsh/MyProject/Deployed_Finals/djangobackendaug2025/whatsapp_latest_final-mainjunk/whatsapp_bot_server_withclaude/analytics/tracker.js:49:20)
    at async sendMessage (file:///C:/Users/Adarsh/MyProject/Deployed_Finals/djangobackendaug2025/whatsapp_latest_final-mainjunk/whatsapp_bot_server_withclaude/send-message.js:48:17)
    at async processNodeLegacy (file:///C:/Users/Adarsh/MyProject/Deployed_Finals/djangobackendaug2025/whatsapp_latest_final-mainjunk/whatsapp_bot_server_withclaude/mainwebhook/snm.js:431:17)
    at async sendNodeMessage (file:///C:/Users/Adarsh/MyProject/Deployed_Finals/djangobackendaug2025/whatsapp_latest_final-mainjunk/whatsapp_bot_server_withclaude/mainwebhook/snm.js:260:13)
    at async processNodeLegacy (file:///C:/Users/Adarsh/MyProject/Deployed_Finals/djangobackendaug2025/whatsapp_latest_final-mainjunk/whatsapp_bot_server_withclaude/mainwebhook/snm.js:662:25)
    at async sendNodeMessage (file:///C:/Users/Adarsh/MyProject/Deployed_Finals/djangobackendaug2025/whatsapp_latest_final-mainjunk/whatsapp_bot_server_withclaude/mainwebhook/snm.js:260:13) {
  length: 113,
  severity: 'ERROR',
  code: '42P01',
  detail: undefined,
  hint: undefined,
  position: '20',
  internalPosition: undefined,
  internalQuery: undefined,
  where: undefined,
  schema: undefined,
  table: undefined,
  column: undefined,
  dataType: undefined,
  constraint: undefined,
  file: 'parse_relation.c',
  line: '1180',
  routine: 'parserOpenTable'
}
Γ¥î [Analytics] Error tracking message send: error: relation "message_events" does not exist
    at C:\Users\Adarsh\MyProject\Deployed_Finals\djangobackendaug2025\whatsapp_latest_final-mainjunk\whatsapp_bot_server_withclaude\node_modules\pg-pool\index.js:45:11
    at process.processTicksAndRejections (node:internal/process/task_queues:95:5)
    at async query (file:///C:/Users/Adarsh/MyProject/Deployed_Finals/djangobackendaug2025/whatsapp_latest_final-mainjunk/whatsapp_bot_server_withclaude/analytics/db.js:37:17)
    at async trackMessageSend (file:///C:/Users/Adarsh/MyProject/Deployed_Finals/djangobackendaug2025/whatsapp_latest_final-mainjunk/whatsapp_bot_server_withclaude/analytics/tracker.js:49:20)
    at async sendMessage (file:///C:/Users/Adarsh/MyProject/Deployed_Finals/djangobackendaug2025/whatsapp_latest_final-mainjunk/whatsapp_bot_server_withclaude/send-message.js:48:17)
    at async processNodeLegacy (file:///C:/Users/Adarsh/MyProject/Deployed_Finals/djangobackendaug2025/whatsapp_latest_final-mainjunk/whatsapp_bot_server_withclaude/mainwebhook/snm.js:431:17)
    at async sendNodeMessage (file:///C:/Users/Adarsh/MyProject/Deployed_Finals/djangobackendaug2025/whatsapp_latest_final-mainjunk/whatsapp_bot_server_withclaude/mainwebhook/snm.js:260:13)
    at async processNodeLegacy (file:///C:/Users/Adarsh/MyProject/Deployed_Finals/djangobackendaug2025/whatsapp_latest_final-mainjunk/whatsapp_bot_server_withclaude/mainwebhook/snm.js:662:25)
    at async sendNodeMessage (file:///C:/Users/Adarsh/MyProject/Deployed_Finals/djangobackendaug2025/whatsapp_latest_final-mainjunk/whatsapp_bot_server_withclaude/mainwebhook/snm.js:260:13) {
  length: 113,
  severity: 'ERROR',
  code: '42P01',
  detail: undefined,
  hint: undefined,
  position: '20',
  internalPosition: undefined,
  internalQuery: undefined,
  where: undefined,
  schema: undefined,
  table: undefined,
  column: undefined,
  dataType: undefined,
  constraint: undefined,
  file: 'parse_relation.c',
  line: '1180',
  routine: 'parserOpenTable'
}
Emitted Node Message

----- OUTGOING REQUEST -----
URL: https://django-faecdbgwhgepemec.canadacentral-01.azurewebsites.net/whatsapp_convo_post/919643393874/?source=whatsapp
METHOD: POST
HEADERS SENT: Object [AxiosHeaders] {
  Accept: 'application/json, text/plain, */*',
  'Content-Type': 'application/json',
  'X-Tenant-Id': 'ecdayvn',
  Authorization: 'Bearer eyJhbGciOiJIUzI1NiIsInR5cCI6IkpXVCJ9.eyJzdWIiOiJ3aGF0c2FwcF9ib3QiLCJ0ZW5hbnRfaWQiOiJhaSIsInJvbGUiOiJzeXN0ZW0iLCJ0aWVyIjoiZW50ZXJwcmlzZSIsInNjb3BlIjoic2VydmljZSIsImV4cCI6MjA1NDk3NDY2OX0.SLXxiBy00-NP9dBVcPl-9b5E0QtakNUajRKAjeXgFG8'
}
-----------------------------

Updated Current Node:  8
Updated Current Node:  8
Webhook Processing Start
Γ£à Webhook signature validated successfully
Contact:  { profile: { name: 'Adarsh Sharma' }, wa_id: '919643393874' }
Webhook Processing Start
Γ£à Webhook signature validated successfully
Delivered:  919643393874

----- OUTGOING REQUEST -----
URL: https://django-faecdbgwhgepemec.canadacentral-01.azurewebsites.net/individual_message_statistics/
METHOD: POST
HEADERS SENT: Object [AxiosHeaders] {
  Accept: 'application/json, text/plain, */*',
  'Content-Type': undefined,
  bpid: '633229189882626',
  Authorization: 'Bearer eyJhbGciOiJIUzI1NiIsInR5cCI6IkpXVCJ9.eyJzdWIiOiJ3aGF0c2FwcF9ib3QiLCJ0ZW5hbnRfaWQiOiJhaSIsInJvbGUiOiJzeXN0ZW0iLCJ0aWVyIjoiZW50ZXJwcmlzZSIsInNjb3BlIjoic2VydmljZSIsImV4cCI6MjA1NDk3NDY2OX0.SLXxiBy00-NP9dBVcPl-9b5E0QtakNUajRKAjeXgFG8'
}
-----------------------------


----- OUTGOING REQUEST -----
URL: https://django-faecdbgwhgepemec.canadacentral-01.azurewebsites.net/update-last-seen/919643393874/delivered
METHOD: PATCH
HEADERS SENT: Object [AxiosHeaders] {
  Accept: 'application/json, text/plain, */*',
  'Content-Type': undefined,
  bpid: '633229189882626',
  Authorization: 'Bearer eyJhbGciOiJIUzI1NiIsInR5cCI6IkpXVCJ9.eyJzdWIiOiJ3aGF0c2FwcF9ib3QiLCJ0ZW5hbnRfaWQiOiJhaSIsInJvbGUiOiJzeXN0ZW0iLCJ0aWVyIjoiZW50ZXJwcmlzZSIsInNjb3BlIjoic2VydmljZSIsImV4cCI6MjA1NDk3NDY2OX0.SLXxiBy00-NP9dBVcPl-9b5E0QtakNUajRKAjeXgFG8'
}
-----------------------------

Γ£à Redis connections verified
Contact:  { profile: { name: 'Adarsh Sharma' }, wa_id: '919643393874' }

----- OUTGOING REQUEST -----
URL: https://django-faecdbgwhgepemec.canadacentral-01.azurewebsites.net/whatsapp_convo_post/919643393874/?source=whatsapp
METHOD: POST
HEADERS SENT: Object [AxiosHeaders] {
  Accept: 'application/json, text/plain, */*',
  'Content-Type': 'application/json',
  'X-Tenant-Id': 'ecdayvn',
  Authorization: 'Bearer eyJhbGciOiJIUzI1NiIsInR5cCI6IkpXVCJ9.eyJzdWIiOiJ3aGF0c2FwcF9ib3QiLCJ0ZW5hbnRfaWQiOiJhaSIsInJvbGUiOiJzeXN0ZW0iLCJ0aWVyIjoiZW50ZXJwcmlzZSIsInNjb3BlIjoic2VydmljZSIsImV4cCI6MjA1NDk3NDY2OX0.SLXxiBy00-NP9dBVcPl-9b5E0QtakNUajRKAjeXgFG8'
}
-----------------------------


----- OUTGOING REQUEST -----
URL: https://fastapione-gue2c5ecc9c4b8hy.centralindia-01.azurewebsites.net/notifications
METHOD: POST
HEADERS SENT: Object [AxiosHeaders] {
  Accept: 'application/json, text/plain, */*',
  'Content-Type': undefined,
  'X-Tenant-Id': 'ecdayvn',
  Authorization: 'Bearer eyJhbGciOiJIUzI1NiIsInR5cCI6IkpXVCJ9.eyJzdWIiOiJ3aGF0c2FwcF9ib3QiLCJ0ZW5hbnRfaWQiOiJhaSIsInJvbGUiOiJzeXN0ZW0iLCJ0aWVyIjoiZW50ZXJwcmlzZSIsInNjb3BlIjoic2VydmljZSIsImV4cCI6MjA1NDk3NDY2OX0.SLXxiBy00-NP9dBVcPl-9b5E0QtakNUajRKAjeXgFG8'
}
-----------------------------


----- OUTGOING REQUEST -----
URL: https://django-faecdbgwhgepemec.canadacentral-01.azurewebsites.net/update-last-seen/919643393874/replied
METHOD: PATCH
HEADERS SENT: Object [AxiosHeaders] {
  Accept: 'application/json, text/plain, */*',
  'Content-Type': undefined,
  bpid: '633229189882626',
  Authorization: 'Bearer eyJhbGciOiJIUzI1NiIsInR5cCI6IkpXVCJ9.eyJzdWIiOiJ3aGF0c2FwcF9ib3QiLCJ0ZW5hbnRfaWQiOiJhaSIsInJvbGUiOiJzeXN0ZW0iLCJ0aWVyIjoiZW50ZXJwcmlzZSIsInNjb3BlIjoic2VydmljZSIsImV4cCI6MjA1NDk3NDY2OX0.SLXxiBy00-NP9dBVcPl-9b5E0QtakNUajRKAjeXgFG8'
}
-----------------------------


----- OUTGOING REQUEST -----
URL: https://graph.facebook.com/v18.0/633229189882626/messages
METHOD: POST
HEADERS SENT: Object [AxiosHeaders] {
  Accept: 'application/json, text/plain, */*',
  'Content-Type': undefined,
  Authorization: 'Bearer EAAVZBobCt7AcBO2GUmdSAwUj1kvGqVDyZBhKvf7teV8DfjIrHUhI8jZC7VOz2BSLHy4MjALe73DRmFBFpNzkCoVONSpof4cERZBM7zx26nZAYRbslYmZAv03comASiVh33o5ZCesZBC8Vh6vfpupM5ekcLP25ncpPZAxZCZAoe7yrnwNx2WImjdtpxLM8SG5wBKUxCOH5U50kXDSB1PYdEiYh70sXw1vBKpsuDPc22JhbAoOkCskprNAPGurHlPj13z'
}
-----------------------------

Webhook Processing Start
Γ£à Webhook signature validated successfully

----- OUTGOING REQUEST -----
URL: https://django-faecdbgwhgepemec.canadacentral-01.azurewebsites.net/individual_message_statistics/
METHOD: POST
HEADERS SENT: Object [AxiosHeaders] {
  Accept: 'application/json, text/plain, */*',
  'Content-Type': undefined,
  bpid: '633229189882626',
  Authorization: 'Bearer eyJhbGciOiJIUzI1NiIsInR5cCI6IkpXVCJ9.eyJzdWIiOiJ3aGF0c2FwcF9ib3QiLCJ0ZW5hbnRfaWQiOiJhaSIsInJvbGUiOiJzeXN0ZW0iLCJ0aWVyIjoiZW50ZXJwcmlzZSIsInNjb3BlIjoic2VydmljZSIsImV4cCI6MjA1NDk3NDY2OX0.SLXxiBy00-NP9dBVcPl-9b5E0QtakNUajRKAjeXgFG8'
}
-----------------------------


----- OUTGOING REQUEST -----
URL: https://django-faecdbgwhgepemec.canadacentral-01.azurewebsites.net/update-last-seen/919643393874/seen
METHOD: PATCH
HEADERS SENT: Object [AxiosHeaders] {
  Accept: 'application/json, text/plain, */*',
  'Content-Type': undefined,
  bpid: '633229189882626',
  Authorization: 'Bearer eyJhbGciOiJIUzI1NiIsInR5cCI6IkpXVCJ9.eyJzdWIiOiJ3aGF0c2FwcF9ib3QiLCJ0ZW5hbnRfaWQiOiJhaSIsInJvbGUiOiJzeXN0ZW0iLCJ0aWVyIjoiZW50ZXJwcmlzZSIsInNjb3BlIjoic2VydmljZSIsImV4cCI6MjA1NDk3NDY2OX0.SLXxiBy00-NP9dBVcPl-9b5E0QtakNUajRKAjeXgFG8'
}
-----------------------------

handleInput called with value: Ok
No valid inputVariable found, skipping API call.
Returning updated userSession:
=== LEGACY MODE DEBUG ===
Current Node: 8
Node Type: Button
Next Node Array: [ 9, 10 ]
Adjacency List: [[1,2],[3],[4],[25],[24],[6,7],[16],[11],[9,10],[15],[11],[12,13,14],[0],[23],[27],[22],[21],[18],[19,20],[11],[23],[8],[5],[26],[21],[22],[21],[28,29],[30],[17],[31],[18]]
========================
User sent text to Button/List node - executing fallback
Entering Fallback
Current Node:  8  | Flow Version: 1
flowlfolwolfowl:  {
  id: 8,
  body: 'I have more in stock for you!',
  type: 'Button',
  variable: 'cateogrytwo',
  variableType: 'cateogrytwo'
}
message b4 replacement:  I have more in stock for you!
MEssage after replacing:  I have more in stock for you!
Information for buttons:  [ 9, 10 ] I have more in stock for you!
button_row: [
  { type: 'reply', reply: { id: 9, title: 'Bakery ≡ƒæ⌐≡ƒÅ╗ΓÇì≡ƒì│' } },
  { type: 'reply', reply: { id: 10, title: 'Main Menu' } }
]
Sending message to: 919643393874
Sending Message

----- OUTGOING REQUEST -----
URL: https://graph.facebook.com/v18.0/633229189882626/messages
METHOD: POST
HEADERS SENT: Object [AxiosHeaders] {
  Accept: 'application/json, text/plain, */*',
  'Content-Type': undefined,
  Authorization: 'Bearer EAAVZBobCt7AcBO2GUmdSAwUj1kvGqVDyZBhKvf7teV8DfjIrHUhI8jZC7VOz2BSLHy4MjALe73DRmFBFpNzkCoVONSpof4cERZBM7zx26nZAYRbslYmZAv03comASiVh33o5ZCesZBC8Vh6vfpupM5ekcLP25ncpPZAxZCZAoe7yrnwNx2WImjdtpxLM8SG5wBKUxCOH5U50kXDSB1PYdEiYh70sXw1vBKpsuDPc22JhbAoOkCskprNAPGurHlPj13z'
}
-----------------------------

ΓÜá∩╕Å  Redis not available - getTemplateName called in local mode
Response updating last seen:  { success: true, message: 'Update accepted' }
Message sent successfully: {
  messaging_product: 'whatsapp',
  contacts: [ { input: '919643393874', wa_id: '919643393874' } ],
  messages: [
    {
      id: 'wamid.HBgMOTE5NjQzMzkzODc0FQIAERgSMTQ1MjFDQTFBM0E0MDI3NTU0AA=='
    }
  ]
}
Tenant sent in send-message:  ecdayvn
Γ£à Analytics database connected
Γ¥î Database query error: error: relation "message_events" does not exist
    at C:\Users\Adarsh\MyProject\Deployed_Finals\djangobackendaug2025\whatsapp_latest_final-mainjunk\whatsapp_bot_server_withclaude\node_modules\pg-pool\index.js:45:11
    at process.processTicksAndRejections (node:internal/process/task_queues:95:5)
    at async query (file:///C:/Users/Adarsh/MyProject/Deployed_Finals/djangobackendaug2025/whatsapp_latest_final-mainjunk/whatsapp_bot_server_withclaude/analytics/db.js:37:17)
    at async updateMessageEvent (file:///C:/Users/Adarsh/MyProject/Deployed_Finals/djangobackendaug2025/whatsapp_latest_final-mainjunk/whatsapp_bot_server_withclaude/analytics/tracker.js:95:20)
    at async trackMessageStatus (file:///C:/Users/Adarsh/MyProject/Deployed_Finals/djangobackendaug2025/whatsapp_latest_final-mainjunk/whatsapp_bot_server_withclaude/analytics/tracker.js:152:5)
    at async file:///C:/Users/Adarsh/MyProject/Deployed_Finals/djangobackendaug2025/whatsapp_latest_final-mainjunk/whatsapp_bot_server_withclaude/routes/webhookRoute.js:712:11 {
  length: 113,
  severity: 'ERROR',
  code: '42P01',
  detail: undefined,
  hint: undefined,
  position: '13',
  internalPosition: undefined,
  internalQuery: undefined,
  where: undefined,
  schema: undefined,
  table: undefined,
  column: undefined,
  dataType: undefined,
  constraint: undefined,
  file: 'parse_relation.c',
  line: '1180',
  routine: 'parserOpenTable'
}
Γ¥î [Analytics] Error updating message event: error: relation "message_events" does not exist
    at C:\Users\Adarsh\MyProject\Deployed_Finals\djangobackendaug2025\whatsapp_latest_final-mainjunk\whatsapp_bot_server_withclaude\node_modules\pg-pool\index.js:45:11
    at process.processTicksAndRejections (node:internal/process/task_queues:95:5)
    at async query (file:///C:/Users/Adarsh/MyProject/Deployed_Finals/djangobackendaug2025/whatsapp_latest_final-mainjunk/whatsapp_bot_server_withclaude/analytics/db.js:37:17)
    at async updateMessageEvent (file:///C:/Users/Adarsh/MyProject/Deployed_Finals/djangobackendaug2025/whatsapp_latest_final-mainjunk/whatsapp_bot_server_withclaude/analytics/tracker.js:95:20)
    at async trackMessageStatus (file:///C:/Users/Adarsh/MyProject/Deployed_Finals/djangobackendaug2025/whatsapp_latest_final-mainjunk/whatsapp_bot_server_withclaude/analytics/tracker.js:152:5)
    at async file:///C:/Users/Adarsh/MyProject/Deployed_Finals/djangobackendaug2025/whatsapp_latest_final-mainjunk/whatsapp_bot_server_withclaude/routes/webhookRoute.js:712:11 {
  length: 113,
  severity: 'ERROR',
  code: '42P01',
  detail: undefined,
  hint: undefined,
  position: '13',
  internalPosition: undefined,
  internalQuery: undefined,
  where: undefined,
  schema: undefined,
  table: undefined,
  column: undefined,
  dataType: undefined,
  constraint: undefined,
  file: 'parse_relation.c',
  line: '1180',
  routine: 'parserOpenTable'
}
Response updating last seen:  { success: true, message: 'Update accepted' }
Response updating last seen:  { success: true, message: 'Update accepted' }
Γ£à Analytics database connected
Γ¥î Database query error: error: relation "message_events" does not exist
    at C:\Users\Adarsh\MyProject\Deployed_Finals\djangobackendaug2025\whatsapp_latest_final-mainjunk\whatsapp_bot_server_withclaude\node_modules\pg-pool\index.js:45:11
    at process.processTicksAndRejections (node:internal/process/task_queues:95:5)
    at async query (file:///C:/Users/Adarsh/MyProject/Deployed_Finals/djangobackendaug2025/whatsapp_latest_final-mainjunk/whatsapp_bot_server_withclaude/analytics/db.js:37:17)
    at async updateMessageEvent (file:///C:/Users/Adarsh/MyProject/Deployed_Finals/djangobackendaug2025/whatsapp_latest_final-mainjunk/whatsapp_bot_server_withclaude/analytics/tracker.js:95:20)
    at async trackMessageStatus (file:///C:/Users/Adarsh/MyProject/Deployed_Finals/djangobackendaug2025/whatsapp_latest_final-mainjunk/whatsapp_bot_server_withclaude/analytics/tracker.js:152:5)
    at async file:///C:/Users/Adarsh/MyProject/Deployed_Finals/djangobackendaug2025/whatsapp_latest_final-mainjunk/whatsapp_bot_server_withclaude/routes/webhookRoute.js:694:11 {
  length: 113,
  severity: 'ERROR',
  code: '42P01',
  detail: undefined,
  hint: undefined,
  position: '13',
  internalPosition: undefined,
  internalQuery: undefined,
  where: undefined,
  schema: undefined,
  table: undefined,
  column: undefined,
  dataType: undefined,
  constraint: undefined,
  file: 'parse_relation.c',
  line: '1180',
  routine: 'parserOpenTable'
}
Γ¥î [Analytics] Error updating message event: error: relation "message_events" does not exist
    at C:\Users\Adarsh\MyProject\Deployed_Finals\djangobackendaug2025\whatsapp_latest_final-mainjunk\whatsapp_bot_server_withclaude\node_modules\pg-pool\index.js:45:11
    at process.processTicksAndRejections (node:internal/process/task_queues:95:5)
    at async query (file:///C:/Users/Adarsh/MyProject/Deployed_Finals/djangobackendaug2025/whatsapp_latest_final-mainjunk/whatsapp_bot_server_withclaude/analytics/db.js:37:17)
    at async updateMessageEvent (file:///C:/Users/Adarsh/MyProject/Deployed_Finals/djangobackendaug2025/whatsapp_latest_final-mainjunk/whatsapp_bot_server_withclaude/analytics/tracker.js:95:20)
    at async trackMessageStatus (file:///C:/Users/Adarsh/MyProject/Deployed_Finals/djangobackendaug2025/whatsapp_latest_final-mainjunk/whatsapp_bot_server_withclaude/analytics/tracker.js:152:5)
    at async file:///C:/Users/Adarsh/MyProject/Deployed_Finals/djangobackendaug2025/whatsapp_latest_final-mainjunk/whatsapp_bot_server_withclaude/routes/webhookRoute.js:694:11 {
  length: 113,
  severity: 'ERROR',
  code: '42P01',
  detail: undefined,
  hint: undefined,
  position: '13',
  internalPosition: undefined,
  internalQuery: undefined,
  where: undefined,
  schema: undefined,
  table: undefined,
  column: undefined,
  dataType: undefined,
  constraint: undefined,
  file: 'parse_relation.c',
  line: '1180',
  routine: 'parserOpenTable'
}
Webhook Processing Start
Γ£à Webhook signature validated successfully
Webhook Processing Complete
Γ£à Analytics database connected
Γ¥î Database query error: error: relation "message_events" does not exist
    at C:\Users\Adarsh\MyProject\Deployed_Finals\djangobackendaug2025\whatsapp_latest_final-mainjunk\whatsapp_bot_server_withclaude\node_modules\pg-pool\index.js:45:11
    at process.processTicksAndRejections (node:internal/process/task_queues:95:5)
    at async query (file:///C:/Users/Adarsh/MyProject/Deployed_Finals/djangobackendaug2025/whatsapp_latest_final-mainjunk/whatsapp_bot_server_withclaude/analytics/db.js:37:17)
    at async trackMessageSend (file:///C:/Users/Adarsh/MyProject/Deployed_Finals/djangobackendaug2025/whatsapp_latest_final-mainjunk/whatsapp_bot_server_withclaude/analytics/tracker.js:49:20)
    at async sendMessage (file:///C:/Users/Adarsh/MyProject/Deployed_Finals/djangobackendaug2025/whatsapp_latest_final-mainjunk/whatsapp_bot_server_withclaude/send-message.js:48:17)
    at async processNodeLegacy (file:///C:/Users/Adarsh/MyProject/Deployed_Finals/djangobackendaug2025/whatsapp_latest_final-mainjunk/whatsapp_bot_server_withclaude/mainwebhook/snm.js:431:17)
    at async sendNodeMessage (file:///C:/Users/Adarsh/MyProject/Deployed_Finals/djangobackendaug2025/whatsapp_latest_final-mainjunk/whatsapp_bot_server_withclaude/mainwebhook/snm.js:260:13)
    at async executeFallback (file:///C:/Users/Adarsh/MyProject/Deployed_Finals/djangobackendaug2025/whatsapp_latest_final-mainjunk/whatsapp_bot_server_withclaude/helpers/misc.js:43:13)
    at async userWebhook (file:///C:/Users/Adarsh/MyProject/Deployed_Finals/djangobackendaug2025/whatsapp_latest_final-mainjunk/whatsapp_bot_server_withclaude/mainwebhook/userWebhook.js:1022:11) {
  length: 113,
  severity: 'ERROR',
  code: '42P01',
  detail: undefined,
  hint: undefined,
  position: '20',
  internalPosition: undefined,
  internalQuery: undefined,
  where: undefined,
  schema: undefined,
  table: undefined,
  column: undefined,
  dataType: undefined,
  constraint: undefined,
  file: 'parse_relation.c',
  line: '1180',
  routine: 'parserOpenTable'
}
Γ¥î [Analytics] Error tracking message send: error: relation "message_events" does not exist
    at C:\Users\Adarsh\MyProject\Deployed_Finals\djangobackendaug2025\whatsapp_latest_final-mainjunk\whatsapp_bot_server_withclaude\node_modules\pg-pool\index.js:45:11
    at process.processTicksAndRejections (node:internal/process/task_queues:95:5)
    at async query (file:///C:/Users/Adarsh/MyProject/Deployed_Finals/djangobackendaug2025/whatsapp_latest_final-mainjunk/whatsapp_bot_server_withclaude/analytics/db.js:37:17)
    at async trackMessageSend (file:///C:/Users/Adarsh/MyProject/Deployed_Finals/djangobackendaug2025/whatsapp_latest_final-mainjunk/whatsapp_bot_server_withclaude/analytics/tracker.js:49:20)
    at async sendMessage (file:///C:/Users/Adarsh/MyProject/Deployed_Finals/djangobackendaug2025/whatsapp_latest_final-mainjunk/whatsapp_bot_server_withclaude/send-message.js:48:17)
    at async processNodeLegacy (file:///C:/Users/Adarsh/MyProject/Deployed_Finals/djangobackendaug2025/whatsapp_latest_final-mainjunk/whatsapp_bot_server_withclaude/mainwebhook/snm.js:431:17)
    at async sendNodeMessage (file:///C:/Users/Adarsh/MyProject/Deployed_Finals/djangobackendaug2025/whatsapp_latest_final-mainjunk/whatsapp_bot_server_withclaude/mainwebhook/snm.js:260:13)
    at async executeFallback (file:///C:/Users/Adarsh/MyProject/Deployed_Finals/djangobackendaug2025/whatsapp_latest_final-mainjunk/whatsapp_bot_server_withclaude/helpers/misc.js:43:13)
    at async userWebhook (file:///C:/Users/Adarsh/MyProject/Deployed_Finals/djangobackendaug2025/whatsapp_latest_final-mainjunk/whatsapp_bot_server_withclaude/mainwebhook/userWebhook.js:1022:11) {
  length: 113,
  severity: 'ERROR',
  code: '42P01',
  detail: undefined,
  hint: undefined,
  position: '20',
  internalPosition: undefined,
  internalQuery: undefined,
  where: undefined,
  schema: undefined,
  table: undefined,
  column: undefined,
  dataType: undefined,
  constraint: undefined,
  file: 'parse_relation.c',
  line: '1180',
  routine: 'parserOpenTable'
}
Emitted Node Message

----- OUTGOING REQUEST -----
URL: https://django-faecdbgwhgepemec.canadacentral-01.azurewebsites.net/whatsapp_convo_post/919643393874/?source=whatsapp
METHOD: POST
HEADERS SENT: Object [AxiosHeaders] {
  Accept: 'application/json, text/plain, */*',
  'Content-Type': 'application/json',
  'X-Tenant-Id': 'ecdayvn',
  Authorization: 'Bearer eyJhbGciOiJIUzI1NiIsInR5cCI6IkpXVCJ9.eyJzdWIiOiJ3aGF0c2FwcF9ib3QiLCJ0ZW5hbnRfaWQiOiJhaSIsInJvbGUiOiJzeXN0ZW0iLCJ0aWVyIjoiZW50ZXJwcmlzZSIsInNjb3BlIjoic2VydmljZSIsImV4cCI6MjA1NDk3NDY2OX0.SLXxiBy00-NP9dBVcPl-9b5E0QtakNUajRKAjeXgFG8'
}
-----------------------------

Γ£à Analytics database connected
Updated Current Node:  8
Γ¥î Database query error: error: relation "message_events" does not exist
    at C:\Users\Adarsh\MyProject\Deployed_Finals\djangobackendaug2025\whatsapp_latest_final-mainjunk\whatsapp_bot_server_withclaude\node_modules\pg-pool\index.js:45:11
    at process.processTicksAndRejections (node:internal/process/task_queues:95:5)
    at async query (file:///C:/Users/Adarsh/MyProject/Deployed_Finals/djangobackendaug2025/whatsapp_latest_final-mainjunk/whatsapp_bot_server_withclaude/analytics/db.js:37:17)
    at async trackMessageStatus (file:///C:/Users/Adarsh/MyProject/Deployed_Finals/djangobackendaug2025/whatsapp_latest_final-mainjunk/whatsapp_bot_server_withclaude/analytics/tracker.js:155:26)
    at async file:///C:/Users/Adarsh/MyProject/Deployed_Finals/djangobackendaug2025/whatsapp_latest_final-mainjunk/whatsapp_bot_server_withclaude/routes/webhookRoute.js:712:11 {
  length: 113,
  severity: 'ERROR',
  code: '42P01',
  detail: undefined,
  hint: undefined,
  position: '23',
  internalPosition: undefined,
  internalQuery: undefined,
  where: undefined,
  schema: undefined,
  table: undefined,
  column: undefined,
  dataType: undefined,
  constraint: undefined,
  file: 'parse_relation.c',
  line: '1180',
  routine: 'parserOpenTable'
}
Γ¥î [Analytics] Error tracking message status: error: relation "message_events" does not exist
    at C:\Users\Adarsh\MyProject\Deployed_Finals\djangobackendaug2025\whatsapp_latest_final-mainjunk\whatsapp_bot_server_withclaude\node_modules\pg-pool\index.js:45:11
    at process.processTicksAndRejections (node:internal/process/task_queues:95:5)
    at async query (file:///C:/Users/Adarsh/MyProject/Deployed_Finals/djangobackendaug2025/whatsapp_latest_final-mainjunk/whatsapp_bot_server_withclaude/analytics/db.js:37:17)
    at async trackMessageStatus (file:///C:/Users/Adarsh/MyProject/Deployed_Finals/djangobackendaug2025/whatsapp_latest_final-mainjunk/whatsapp_bot_server_withclaude/analytics/tracker.js:155:26)
    at async file:///C:/Users/Adarsh/MyProject/Deployed_Finals/djangobackendaug2025/whatsapp_latest_final-mainjunk/whatsapp_bot_server_withclaude/routes/webhookRoute.js:712:11 {
  length: 113,
  severity: 'ERROR',
  code: '42P01',
  detail: undefined,
  hint: undefined,
  position: '23',
  internalPosition: undefined,
  internalQuery: undefined,
  where: undefined,
  schema: undefined,
  table: undefined,
  column: undefined,
  dataType: undefined,
  constraint: undefined,
  file: 'parse_relation.c',
  line: '1180',
  routine: 'parserOpenTable'
}
Webhook Processing Complete
Webhook Processing Start
Γ£à Webhook signature validated successfully
Webhook Processing Start
Γ£à Webhook signature validated successfully

----- OUTGOING REQUEST -----
URL: https://django-faecdbgwhgepemec.canadacentral-01.azurewebsites.net/individual_message_statistics/
METHOD: POST
HEADERS SENT: Object [AxiosHeaders] {
  Accept: 'application/json, text/plain, */*',
  'Content-Type': undefined,
  bpid: '633229189882626',
  Authorization: 'Bearer eyJhbGciOiJIUzI1NiIsInR5cCI6IkpXVCJ9.eyJzdWIiOiJ3aGF0c2FwcF9ib3QiLCJ0ZW5hbnRfaWQiOiJhaSIsInJvbGUiOiJzeXN0ZW0iLCJ0aWVyIjoiZW50ZXJwcmlzZSIsInNjb3BlIjoic2VydmljZSIsImV4cCI6MjA1NDk3NDY2OX0.SLXxiBy00-NP9dBVcPl-9b5E0QtakNUajRKAjeXgFG8'
}
-----------------------------


----- OUTGOING REQUEST -----
URL: https://django-faecdbgwhgepemec.canadacentral-01.azurewebsites.net/update-last-seen/919643393874/seen
METHOD: PATCH
HEADERS SENT: Object [AxiosHeaders] {
  Accept: 'application/json, text/plain, */*',
  'Content-Type': undefined,
  bpid: '633229189882626',
  Authorization: 'Bearer eyJhbGciOiJIUzI1NiIsInR5cCI6IkpXVCJ9.eyJzdWIiOiJ3aGF0c2FwcF9ib3QiLCJ0ZW5hbnRfaWQiOiJhaSIsInJvbGUiOiJzeXN0ZW0iLCJ0aWVyIjoiZW50ZXJwcmlzZSIsInNjb3BlIjoic2VydmljZSIsImV4cCI6MjA1NDk3NDY2OX0.SLXxiBy00-NP9dBVcPl-9b5E0QtakNUajRKAjeXgFG8'
}
-----------------------------

Γ£à Redis connections verified
Sending message status:  replied
wamid.HBgMOTE5NjQzMzkzODc0FQIAERgSOEY1QTdBNjAzOUVDQjhBMDk2AA== message id
Sending req to set status
Contact:  { profile: { name: 'Adarsh Sharma' }, wa_id: '919643393874' }

----- OUTGOING REQUEST -----
URL: https://fastapione-gue2c5ecc9c4b8hy.centralindia-01.azurewebsites.net/set-status/
METHOD: POST
HEADERS SENT: Object [AxiosHeaders] {
  Accept: 'application/json, text/plain, */*',
  'Content-Type': 'application/json',
  'X-Tenant-Id': null,
  Authorization: 'Bearer eyJhbGciOiJIUzI1NiIsInR5cCI6IkpXVCJ9.eyJzdWIiOiJ3aGF0c2FwcF9ib3QiLCJ0ZW5hbnRfaWQiOiJhaSIsInJvbGUiOiJzeXN0ZW0iLCJ0aWVyIjoiZW50ZXJwcmlzZSIsInNjb3BlIjoic2VydmljZSIsImV4cCI6MjA1NDk3NDY2OX0.SLXxiBy00-NP9dBVcPl-9b5E0QtakNUajRKAjeXgFG8'
}
-----------------------------

Error updating status: { detail: 'Missing required fields' }

----- OUTGOING REQUEST -----
URL: https://django-faecdbgwhgepemec.canadacentral-01.azurewebsites.net/whatsapp_convo_post/919643393874/?source=whatsapp
METHOD: POST
HEADERS SENT: Object [AxiosHeaders] {
  Accept: 'application/json, text/plain, */*',
  'Content-Type': 'application/json',
  'X-Tenant-Id': 'ecdayvn',
  Authorization: 'Bearer eyJhbGciOiJIUzI1NiIsInR5cCI6IkpXVCJ9.eyJzdWIiOiJ3aGF0c2FwcF9ib3QiLCJ0ZW5hbnRfaWQiOiJhaSIsInJvbGUiOiJzeXN0ZW0iLCJ0aWVyIjoiZW50ZXJwcmlzZSIsInNjb3BlIjoic2VydmljZSIsImV4cCI6MjA1NDk3NDY2OX0.SLXxiBy00-NP9dBVcPl-9b5E0QtakNUajRKAjeXgFG8'
}
-----------------------------


----- OUTGOING REQUEST -----
URL: https://fastapione-gue2c5ecc9c4b8hy.centralindia-01.azurewebsites.net/notifications
METHOD: POST
HEADERS SENT: Object [AxiosHeaders] {
  Accept: 'application/json, text/plain, */*',
  'Content-Type': undefined,
  'X-Tenant-Id': 'ecdayvn',
  Authorization: 'Bearer eyJhbGciOiJIUzI1NiIsInR5cCI6IkpXVCJ9.eyJzdWIiOiJ3aGF0c2FwcF9ib3QiLCJ0ZW5hbnRfaWQiOiJhaSIsInJvbGUiOiJzeXN0ZW0iLCJ0aWVyIjoiZW50ZXJwcmlzZSIsInNjb3BlIjoic2VydmljZSIsImV4cCI6MjA1NDk3NDY2OX0.SLXxiBy00-NP9dBVcPl-9b5E0QtakNUajRKAjeXgFG8'
}
-----------------------------


----- OUTGOING REQUEST -----
URL: https://django-faecdbgwhgepemec.canadacentral-01.azurewebsites.net/update-last-seen/919643393874/replied
METHOD: PATCH
HEADERS SENT: Object [AxiosHeaders] {
  Accept: 'application/json, text/plain, */*',
  'Content-Type': undefined,
  bpid: '633229189882626',
  Authorization: 'Bearer eyJhbGciOiJIUzI1NiIsInR5cCI6IkpXVCJ9.eyJzdWIiOiJ3aGF0c2FwcF9ib3QiLCJ0ZW5hbnRfaWQiOiJhaSIsInJvbGUiOiJzeXN0ZW0iLCJ0aWVyIjoiZW50ZXJwcmlzZSIsInNjb3BlIjoic2VydmljZSIsImV4cCI6MjA1NDk3NDY2OX0.SLXxiBy00-NP9dBVcPl-9b5E0QtakNUajRKAjeXgFG8'
}
-----------------------------


----- OUTGOING REQUEST -----
URL: https://graph.facebook.com/v18.0/633229189882626/messages
METHOD: POST
HEADERS SENT: Object [AxiosHeaders] {
  Accept: 'application/json, text/plain, */*',
  'Content-Type': undefined,
  Authorization: 'Bearer EAAVZBobCt7AcBO2GUmdSAwUj1kvGqVDyZBhKvf7teV8DfjIrHUhI8jZC7VOz2BSLHy4MjALe73DRmFBFpNzkCoVONSpof4cERZBM7zx26nZAYRbslYmZAv03comASiVh33o5ZCesZBC8Vh6vfpupM5ekcLP25ncpPZAxZCZAoe7yrnwNx2WImjdtpxLM8SG5wBKUxCOH5U50kXDSB1PYdEiYh70sXw1vBKpsuDPc22JhbAoOkCskprNAPGurHlPj13z'
}
-----------------------------

Response updating last seen:  { success: true, message: 'Update accepted' }
Γ£à Analytics database connected
handleInput called with value: Main Menu
No valid inputVariable found, skipping API call.
Returning updated userSession:
Using adjacency list navigation (legacy)
handleInput called with value: Main Menu
Valid inputVariable detected: cateogrytwo
Extracted user session details: {
  input_variable: 'cateogrytwo',
  phone: '919643393874',
  flow_name: 'letstrytwo'
}
Stored value in userSession.api.POST[cateogrytwo] = Main Menu
Cleared inputVariable after storing value
Constructed payload: {
  flow_name: 'letstrytwo',
  input_variable: 'cateogrytwo',
  value: 'Main Menu',
  phone: '919643393874'
}
Sending data to API: https://django-faecdbgwhgepemec.canadacentral-01.azurewebsites.net/add-dynamic-data/
Found in global search, advanced to: 10
≡ƒöº BUTTON CLICK: Auto-advancing through button_element node 10
≡ƒöº Auto-advanced from button_element 10 to actual target 11

----- OUTGOING REQUEST -----
URL: https://django-faecdbgwhgepemec.canadacentral-01.azurewebsites.net/add-dynamic-data/
METHOD: POST
HEADERS SENT: Object [AxiosHeaders] {
  Accept: 'application/json, text/plain, */*',
  'Content-Type': undefined,
  'X-Tenant-Id': 'ecdayvn',
  Authorization: 'Bearer eyJhbGciOiJIUzI1NiIsInR5cCI6IkpXVCJ9.eyJzdWIiOiJ3aGF0c2FwcF9ib3QiLCJ0ZW5hbnRfaWQiOiJhaSIsInJvbGUiOiJzeXN0ZW0iLCJ0aWVyIjoiZW50ZXJwcmlzZSIsInNjb3BlIjoic2VydmljZSIsImV4cCI6MjA1NDk3NDY2OX0.SLXxiBy00-NP9dBVcPl-9b5E0QtakNUajRKAjeXgFG8'
}
-----------------------------

Session saved before sending node message
Webhook processing completed successfully
Current Node:  11  | Flow Version: 1
flowlfolwolfowl:  {
  id: 11,
  body: 'Hey there, snack lover! ≡ƒæï IΓÇÖm Tryo your official LetΓÇÖs Try tasting assistant. Craving something crunchy, healthy, or spicy?',
  type: 'Button'
}
message b4 replacement:  Hey there, snack lover! ≡ƒæï IΓÇÖm Tryo your official LetΓÇÖs Try tasting assistant. Craving something crunchy, healthy, or spicy?
MEssage after replacing:  Hey there, snack lover! ≡ƒæï IΓÇÖm Tryo your official LetΓÇÖs Try tasting assistant. Craving something crunchy, healthy, or spicy?
Information for buttons:  [ 12, 13, 14 ] Hey there, snack lover! ≡ƒæï IΓÇÖm Tryo your official LetΓÇÖs Try tasting assistant. Craving something crunchy, healthy, or spicy?
button_row: [
  { type: 'reply', reply: { id: 12, title: 'I want snacks ≡ƒºÇ' } },
  { type: 'reply', reply: { id: 13, title: 'View Bestseller ≡ƒöÄ' } },
  { type: 'reply', reply: { id: 14, title: 'Track my Order ≡ƒÄü' } }
]
Sending message to: 919643393874
Sending Message

----- OUTGOING REQUEST -----
URL: https://graph.facebook.com/v18.0/633229189882626/messages
METHOD: POST
HEADERS SENT: Object [AxiosHeaders] {
  Accept: 'application/json, text/plain, */*',
  'Content-Type': undefined,
  Authorization: 'Bearer EAAVZBobCt7AcBO2GUmdSAwUj1kvGqVDyZBhKvf7teV8DfjIrHUhI8jZC7VOz2BSLHy4MjALe73DRmFBFpNzkCoVONSpof4cERZBM7zx26nZAYRbslYmZAv03comASiVh33o5ZCesZBC8Vh6vfpupM5ekcLP25ncpPZAxZCZAoe7yrnwNx2WImjdtpxLM8SG5wBKUxCOH5U50kXDSB1PYdEiYh70sXw1vBKpsuDPc22JhbAoOkCskprNAPGurHlPj13z'
}
-----------------------------

Γ¥î Database query error: error: relation "message_events" does not exist
    at C:\Users\Adarsh\MyProject\Deployed_Finals\djangobackendaug2025\whatsapp_latest_final-mainjunk\whatsapp_bot_server_withclaude\node_modules\pg-pool\index.js:45:11
    at process.processTicksAndRejections (node:internal/process/task_queues:95:5)
    at async query (file:///C:/Users/Adarsh/MyProject/Deployed_Finals/djangobackendaug2025/whatsapp_latest_final-mainjunk/whatsapp_bot_server_withclaude/analytics/db.js:37:17)
    at async trackMessageStatus (file:///C:/Users/Adarsh/MyProject/Deployed_Finals/djangobackendaug2025/whatsapp_latest_final-mainjunk/whatsapp_bot_server_withclaude/analytics/tracker.js:155:26)
    at async file:///C:/Users/Adarsh/MyProject/Deployed_Finals/djangobackendaug2025/whatsapp_latest_final-mainjunk/whatsapp_bot_server_withclaude/routes/webhookRoute.js:694:11 {
  length: 113,
  severity: 'ERROR',
  code: '42P01',
  detail: undefined,
  hint: undefined,
  position: '23',
  internalPosition: undefined,
  internalQuery: undefined,
  where: undefined,
  schema: undefined,
  table: undefined,
  column: undefined,
  dataType: undefined,
  constraint: undefined,
  file: 'parse_relation.c',
  line: '1180',
  routine: 'parserOpenTable'
}
Γ¥î [Analytics] Error tracking message status: error: relation "message_events" does not exist
    at C:\Users\Adarsh\MyProject\Deployed_Finals\djangobackendaug2025\whatsapp_latest_final-mainjunk\whatsapp_bot_server_withclaude\node_modules\pg-pool\index.js:45:11
    at process.processTicksAndRejections (node:internal/process/task_queues:95:5)
    at async query (file:///C:/Users/Adarsh/MyProject/Deployed_Finals/djangobackendaug2025/whatsapp_latest_final-mainjunk/whatsapp_bot_server_withclaude/analytics/db.js:37:17)
    at async trackMessageStatus (file:///C:/Users/Adarsh/MyProject/Deployed_Finals/djangobackendaug2025/whatsapp_latest_final-mainjunk/whatsapp_bot_server_withclaude/analytics/tracker.js:155:26)
    at async file:///C:/Users/Adarsh/MyProject/Deployed_Finals/djangobackendaug2025/whatsapp_latest_final-mainjunk/whatsapp_bot_server_withclaude/routes/webhookRoute.js:694:11 {
  length: 113,
  severity: 'ERROR',
  code: '42P01',
  detail: undefined,
  hint: undefined,
  position: '23',
  internalPosition: undefined,
  internalQuery: undefined,
  where: undefined,
  schema: undefined,
  table: undefined,
  column: undefined,
  dataType: undefined,
  constraint: undefined,
  file: 'parse_relation.c',
  line: '1180',
  routine: 'parserOpenTable'
}
Webhook Processing Complete
Response updating last seen:  { success: true, message: 'Update accepted' }
Data sent successfully! Response: { message: 'Success' }
Returning updated userSession:
Γ£à Analytics database connected
Message sent successfully: {
  messaging_product: 'whatsapp',
  contacts: [ { input: '919643393874', wa_id: '919643393874' } ],
  messages: [
    {
      id: 'wamid.HBgMOTE5NjQzMzkzODc0FQIAERgSQkFENUVFNzBFREVCMkIxQzBBAA=='
    }
  ]
}
Tenant sent in send-message:  ecdayvn
Γ¥î Database query error: error: relation "message_events" does not exist
    at C:\Users\Adarsh\MyProject\Deployed_Finals\djangobackendaug2025\whatsapp_latest_final-mainjunk\whatsapp_bot_server_withclaude\node_modules\pg-pool\index.js:45:11
    at process.processTicksAndRejections (node:internal/process/task_queues:95:5)
    at async query (file:///C:/Users/Adarsh/MyProject/Deployed_Finals/djangobackendaug2025/whatsapp_latest_final-mainjunk/whatsapp_bot_server_withclaude/analytics/db.js:37:17)
    at async updateMessageEvent (file:///C:/Users/Adarsh/MyProject/Deployed_Finals/djangobackendaug2025/whatsapp_latest_final-mainjunk/whatsapp_bot_server_withclaude/analytics/tracker.js:95:20)
    at async trackMessageStatus (file:///C:/Users/Adarsh/MyProject/Deployed_Finals/djangobackendaug2025/whatsapp_latest_final-mainjunk/whatsapp_bot_server_withclaude/analytics/tracker.js:152:5)
    at async file:///C:/Users/Adarsh/MyProject/Deployed_Finals/djangobackendaug2025/whatsapp_latest_final-mainjunk/whatsapp_bot_server_withclaude/routes/webhookRoute.js:712:11 {
  length: 113,
  severity: 'ERROR',
  code: '42P01',
  detail: undefined,
  hint: undefined,
  position: '13',
  internalPosition: undefined,
  internalQuery: undefined,
  where: undefined,
  schema: undefined,
  table: undefined,
  column: undefined,
  dataType: undefined,
  constraint: undefined,
  file: 'parse_relation.c',
  line: '1180',
  routine: 'parserOpenTable'
}
Γ¥î [Analytics] Error updating message event: error: relation "message_events" does not exist
    at C:\Users\Adarsh\MyProject\Deployed_Finals\djangobackendaug2025\whatsapp_latest_final-mainjunk\whatsapp_bot_server_withclaude\node_modules\pg-pool\index.js:45:11
    at process.processTicksAndRejections (node:internal/process/task_queues:95:5)
    at async query (file:///C:/Users/Adarsh/MyProject/Deployed_Finals/djangobackendaug2025/whatsapp_latest_final-mainjunk/whatsapp_bot_server_withclaude/analytics/db.js:37:17)
    at async updateMessageEvent (file:///C:/Users/Adarsh/MyProject/Deployed_Finals/djangobackendaug2025/whatsapp_latest_final-mainjunk/whatsapp_bot_server_withclaude/analytics/tracker.js:95:20)
    at async trackMessageStatus (file:///C:/Users/Adarsh/MyProject/Deployed_Finals/djangobackendaug2025/whatsapp_latest_final-mainjunk/whatsapp_bot_server_withclaude/analytics/tracker.js:152:5)
    at async file:///C:/Users/Adarsh/MyProject/Deployed_Finals/djangobackendaug2025/whatsapp_latest_final-mainjunk/whatsapp_bot_server_withclaude/routes/webhookRoute.js:712:11 {
  length: 113,
  severity: 'ERROR',
  code: '42P01',
  detail: undefined,
  hint: undefined,
  position: '13',
  internalPosition: undefined,
  internalQuery: undefined,
  where: undefined,
  schema: undefined,
  table: undefined,
  column: undefined,
  dataType: undefined,
  constraint: undefined,
  file: 'parse_relation.c',
  line: '1180',
  routine: 'parserOpenTable'
}
Webhook Processing Start
Γ£à Webhook signature validated successfully
Webhook Processing Complete
Γ£à Analytics database connected
Γ£à Analytics database connected
Γ¥î Database query error: error: relation "message_events" does not exist
    at C:\Users\Adarsh\MyProject\Deployed_Finals\djangobackendaug2025\whatsapp_latest_final-mainjunk\whatsapp_bot_server_withclaude\node_modules\pg-pool\index.js:45:11
    at process.processTicksAndRejections (node:internal/process/task_queues:95:5)
    at async query (file:///C:/Users/Adarsh/MyProject/Deployed_Finals/djangobackendaug2025/whatsapp_latest_final-mainjunk/whatsapp_bot_server_withclaude/analytics/db.js:37:17)
    at async trackMessageSend (file:///C:/Users/Adarsh/MyProject/Deployed_Finals/djangobackendaug2025/whatsapp_latest_final-mainjunk/whatsapp_bot_server_withclaude/analytics/tracker.js:49:20)
    at async sendMessage (file:///C:/Users/Adarsh/MyProject/Deployed_Finals/djangobackendaug2025/whatsapp_latest_final-mainjunk/whatsapp_bot_server_withclaude/send-message.js:48:17)
    at async processNodeLegacy (file:///C:/Users/Adarsh/MyProject/Deployed_Finals/djangobackendaug2025/whatsapp_latest_final-mainjunk/whatsapp_bot_server_withclaude/mainwebhook/snm.js:431:17)
    at async sendNodeMessage (file:///C:/Users/Adarsh/MyProject/Deployed_Finals/djangobackendaug2025/whatsapp_latest_final-mainjunk/whatsapp_bot_server_withclaude/mainwebhook/snm.js:260:13) {
  length: 113,
  severity: 'ERROR',
  code: '42P01',
  detail: undefined,
  hint: undefined,
  position: '20',
  internalPosition: undefined,
  internalQuery: undefined,
  where: undefined,
  schema: undefined,
  table: undefined,
  column: undefined,
  dataType: undefined,
  constraint: undefined,
  file: 'parse_relation.c',
  line: '1180',
  routine: 'parserOpenTable'
}
Γ¥î [Analytics] Error tracking message send: error: relation "message_events" does not exist
    at C:\Users\Adarsh\MyProject\Deployed_Finals\djangobackendaug2025\whatsapp_latest_final-mainjunk\whatsapp_bot_server_withclaude\node_modules\pg-pool\index.js:45:11
    at process.processTicksAndRejections (node:internal/process/task_queues:95:5)
    at async query (file:///C:/Users/Adarsh/MyProject/Deployed_Finals/djangobackendaug2025/whatsapp_latest_final-mainjunk/whatsapp_bot_server_withclaude/analytics/db.js:37:17)
    at async trackMessageSend (file:///C:/Users/Adarsh/MyProject/Deployed_Finals/djangobackendaug2025/whatsapp_latest_final-mainjunk/whatsapp_bot_server_withclaude/analytics/tracker.js:49:20)
    at async sendMessage (file:///C:/Users/Adarsh/MyProject/Deployed_Finals/djangobackendaug2025/whatsapp_latest_final-mainjunk/whatsapp_bot_server_withclaude/send-message.js:48:17)
    at async processNodeLegacy (file:///C:/Users/Adarsh/MyProject/Deployed_Finals/djangobackendaug2025/whatsapp_latest_final-mainjunk/whatsapp_bot_server_withclaude/mainwebhook/snm.js:431:17)
    at async sendNodeMessage (file:///C:/Users/Adarsh/MyProject/Deployed_Finals/djangobackendaug2025/whatsapp_latest_final-mainjunk/whatsapp_bot_server_withclaude/mainwebhook/snm.js:260:13) {
  length: 113,
  severity: 'ERROR',
  code: '42P01',
  detail: undefined,
  hint: undefined,
  position: '20',
  internalPosition: undefined,
  internalQuery: undefined,
  where: undefined,
  schema: undefined,
  table: undefined,
  column: undefined,
  dataType: undefined,
  constraint: undefined,
  file: 'parse_relation.c',
  line: '1180',
  routine: 'parserOpenTable'
}
Emitted Node Message

----- OUTGOING REQUEST -----
URL: https://django-faecdbgwhgepemec.canadacentral-01.azurewebsites.net/whatsapp_convo_post/919643393874/?source=whatsapp
METHOD: POST
HEADERS SENT: Object [AxiosHeaders] {
  Accept: 'application/json, text/plain, */*',
  'Content-Type': 'application/json',
  'X-Tenant-Id': 'ecdayvn',
  Authorization: 'Bearer eyJhbGciOiJIUzI1NiIsInR5cCI6IkpXVCJ9.eyJzdWIiOiJ3aGF0c2FwcF9ib3QiLCJ0ZW5hbnRfaWQiOiJhaSIsInJvbGUiOiJzeXN0ZW0iLCJ0aWVyIjoiZW50ZXJwcmlzZSIsInNjb3BlIjoic2VydmljZSIsImV4cCI6MjA1NDk3NDY2OX0.SLXxiBy00-NP9dBVcPl-9b5E0QtakNUajRKAjeXgFG8'
}
-----------------------------

Updated Current Node:  11
Γ¥î Database query error: error: relation "message_events" does not exist
    at C:\Users\Adarsh\MyProject\Deployed_Finals\djangobackendaug2025\whatsapp_latest_final-mainjunk\whatsapp_bot_server_withclaude\node_modules\pg-pool\index.js:45:11
    at process.processTicksAndRejections (node:internal/process/task_queues:95:5)
    at async query (file:///C:/Users/Adarsh/MyProject/Deployed_Finals/djangobackendaug2025/whatsapp_latest_final-mainjunk/whatsapp_bot_server_withclaude/analytics/db.js:37:17)
    at async trackMessageStatus (file:///C:/Users/Adarsh/MyProject/Deployed_Finals/djangobackendaug2025/whatsapp_latest_final-mainjunk/whatsapp_bot_server_withclaude/analytics/tracker.js:155:26)
    at async file:///C:/Users/Adarsh/MyProject/Deployed_Finals/djangobackendaug2025/whatsapp_latest_final-mainjunk/whatsapp_bot_server_withclaude/routes/webhookRoute.js:712:11 {
  length: 113,
  severity: 'ERROR',
  code: '42P01',
  detail: undefined,
  hint: undefined,
  position: '23',
  internalPosition: undefined,
  internalQuery: undefined,
  where: undefined,
  schema: undefined,
  table: undefined,
  column: undefined,
  dataType: undefined,
  constraint: undefined,
  file: 'parse_relation.c',
  line: '1180',
  routine: 'parserOpenTable'
}
Γ¥î [Analytics] Error tracking message status: error: relation "message_events" does not exist
    at C:\Users\Adarsh\MyProject\Deployed_Finals\djangobackendaug2025\whatsapp_latest_final-mainjunk\whatsapp_bot_server_withclaude\node_modules\pg-pool\index.js:45:11
    at process.processTicksAndRejections (node:internal/process/task_queues:95:5)
    at async query (file:///C:/Users/Adarsh/MyProject/Deployed_Finals/djangobackendaug2025/whatsapp_latest_final-mainjunk/whatsapp_bot_server_withclaude/analytics/db.js:37:17)
    at async trackMessageStatus (file:///C:/Users/Adarsh/MyProject/Deployed_Finals/djangobackendaug2025/whatsapp_latest_final-mainjunk/whatsapp_bot_server_withclaude/analytics/tracker.js:155:26)
    at async file:///C:/Users/Adarsh/MyProject/Deployed_Finals/djangobackendaug2025/whatsapp_latest_final-mainjunk/whatsapp_bot_server_withclaude/routes/webhookRoute.js:712:11 {
  length: 113,
  severity: 'ERROR',
  code: '42P01',
  detail: undefined,
  hint: undefined,
  position: '23',
  internalPosition: undefined,
  internalQuery: undefined,
  where: undefined,
  schema: undefined,
  table: undefined,
  column: undefined,
  dataType: undefined,
  constraint: undefined,
  file: 'parse_relation.c',
  line: '1180',
  routine: 'parserOpenTable'
}
Webhook Processing Complete
Webhook Processing Start
Γ£à Webhook signature validated successfully

----- OUTGOING REQUEST -----
URL: https://django-faecdbgwhgepemec.canadacentral-01.azurewebsites.net/individual_message_statistics/
METHOD: POST
HEADERS SENT: Object [AxiosHeaders] {
  Accept: 'application/json, text/plain, */*',
  'Content-Type': undefined,
  bpid: '633229189882626',
  Authorization: 'Bearer eyJhbGciOiJIUzI1NiIsInR5cCI6IkpXVCJ9.eyJzdWIiOiJ3aGF0c2FwcF9ib3QiLCJ0ZW5hbnRfaWQiOiJhaSIsInJvbGUiOiJzeXN0ZW0iLCJ0aWVyIjoiZW50ZXJwcmlzZSIsInNjb3BlIjoic2VydmljZSIsImV4cCI6MjA1NDk3NDY2OX0.SLXxiBy00-NP9dBVcPl-9b5E0QtakNUajRKAjeXgFG8'
}
-----------------------------


----- OUTGOING REQUEST -----
URL: https://django-faecdbgwhgepemec.canadacentral-01.azurewebsites.net/update-last-seen/919643393874/seen
METHOD: PATCH
HEADERS SENT: Object [AxiosHeaders] {
  Accept: 'application/json, text/plain, */*',
  'Content-Type': undefined,
  bpid: '633229189882626',
  Authorization: 'Bearer eyJhbGciOiJIUzI1NiIsInR5cCI6IkpXVCJ9.eyJzdWIiOiJ3aGF0c2FwcF9ib3QiLCJ0ZW5hbnRfaWQiOiJhaSIsInJvbGUiOiJzeXN0ZW0iLCJ0aWVyIjoiZW50ZXJwcmlzZSIsInNjb3BlIjoic2VydmljZSIsImV4cCI6MjA1NDk3NDY2OX0.SLXxiBy00-NP9dBVcPl-9b5E0QtakNUajRKAjeXgFG8'
}
-----------------------------

Webhook Processing Start
Γ£à Webhook signature validated successfully
Delivered:  919643393874

----- OUTGOING REQUEST -----
URL: https://django-faecdbgwhgepemec.canadacentral-01.azurewebsites.net/individual_message_statistics/
METHOD: POST
HEADERS SENT: Object [AxiosHeaders] {
  Accept: 'application/json, text/plain, */*',
  'Content-Type': undefined,
  bpid: '633229189882626',
  Authorization: 'Bearer eyJhbGciOiJIUzI1NiIsInR5cCI6IkpXVCJ9.eyJzdWIiOiJ3aGF0c2FwcF9ib3QiLCJ0ZW5hbnRfaWQiOiJhaSIsInJvbGUiOiJzeXN0ZW0iLCJ0aWVyIjoiZW50ZXJwcmlzZSIsInNjb3BlIjoic2VydmljZSIsImV4cCI6MjA1NDk3NDY2OX0.SLXxiBy00-NP9dBVcPl-9b5E0QtakNUajRKAjeXgFG8'
}
-----------------------------


----- OUTGOING REQUEST -----
URL: https://django-faecdbgwhgepemec.canadacentral-01.azurewebsites.net/update-last-seen/919643393874/delivered
METHOD: PATCH
HEADERS SENT: Object [AxiosHeaders] {
  Accept: 'application/json, text/plain, */*',
  'Content-Type': undefined,
  bpid: '633229189882626',
  Authorization: 'Bearer eyJhbGciOiJIUzI1NiIsInR5cCI6IkpXVCJ9.eyJzdWIiOiJ3aGF0c2FwcF9ib3QiLCJ0ZW5hbnRfaWQiOiJhaSIsInJvbGUiOiJzeXN0ZW0iLCJ0aWVyIjoiZW50ZXJwcmlzZSIsInNjb3BlIjoic2VydmljZSIsImV4cCI6MjA1NDk3NDY2OX0.SLXxiBy00-NP9dBVcPl-9b5E0QtakNUajRKAjeXgFG8'
}
-----------------------------

Response updating last seen:  { success: true, message: 'Update accepted' }
ΓÜá∩╕Å  Redis not available - getTemplateName called in local mode
Response updating last seen:  { success: true, message: 'Update accepted' }
Γ£à Analytics database connected
Γ¥î Database query error: error: relation "message_events" does not exist
    at C:\Users\Adarsh\MyProject\Deployed_Finals\djangobackendaug2025\whatsapp_latest_final-mainjunk\whatsapp_bot_server_withclaude\node_modules\pg-pool\index.js:45:11
    at process.processTicksAndRejections (node:internal/process/task_queues:95:5)
    at async query (file:///C:/Users/Adarsh/MyProject/Deployed_Finals/djangobackendaug2025/whatsapp_latest_final-mainjunk/whatsapp_bot_server_withclaude/analytics/db.js:37:17)
    at async updateMessageEvent (file:///C:/Users/Adarsh/MyProject/Deployed_Finals/djangobackendaug2025/whatsapp_latest_final-mainjunk/whatsapp_bot_server_withclaude/analytics/tracker.js:95:20)
    at async trackMessageStatus (file:///C:/Users/Adarsh/MyProject/Deployed_Finals/djangobackendaug2025/whatsapp_latest_final-mainjunk/whatsapp_bot_server_withclaude/analytics/tracker.js:152:5)
    at async file:///C:/Users/Adarsh/MyProject/Deployed_Finals/djangobackendaug2025/whatsapp_latest_final-mainjunk/whatsapp_bot_server_withclaude/routes/webhookRoute.js:712:11 {
  length: 113,
  severity: 'ERROR',
  code: '42P01',
  detail: undefined,
  hint: undefined,
  position: '13',
  internalPosition: undefined,
  internalQuery: undefined,
  where: undefined,
  schema: undefined,
  table: undefined,
  column: undefined,
  dataType: undefined,
  constraint: undefined,
  file: 'parse_relation.c',
  line: '1180',
  routine: 'parserOpenTable'
}
Γ¥î [Analytics] Error updating message event: error: relation "message_events" does not exist
    at C:\Users\Adarsh\MyProject\Deployed_Finals\djangobackendaug2025\whatsapp_latest_final-mainjunk\whatsapp_bot_server_withclaude\node_modules\pg-pool\index.js:45:11
    at process.processTicksAndRejections (node:internal/process/task_queues:95:5)
    at async query (file:///C:/Users/Adarsh/MyProject/Deployed_Finals/djangobackendaug2025/whatsapp_latest_final-mainjunk/whatsapp_bot_server_withclaude/analytics/db.js:37:17)
    at async updateMessageEvent (file:///C:/Users/Adarsh/MyProject/Deployed_Finals/djangobackendaug2025/whatsapp_latest_final-mainjunk/whatsapp_bot_server_withclaude/analytics/tracker.js:95:20)
    at async trackMessageStatus (file:///C:/Users/Adarsh/MyProject/Deployed_Finals/djangobackendaug2025/whatsapp_latest_final-mainjunk/whatsapp_bot_server_withclaude/analytics/tracker.js:152:5)
    at async file:///C:/Users/Adarsh/MyProject/Deployed_Finals/djangobackendaug2025/whatsapp_latest_final-mainjunk/whatsapp_bot_server_withclaude/routes/webhookRoute.js:712:11 {
  length: 113,
  severity: 'ERROR',
  code: '42P01',
  detail: undefined,
  hint: undefined,
  position: '13',
  internalPosition: undefined,
  internalQuery: undefined,
  where: undefined,
  schema: undefined,
  table: undefined,
  column: undefined,
  dataType: undefined,
  constraint: undefined,
  file: 'parse_relation.c',
  line: '1180',
  routine: 'parserOpenTable'
}
Webhook Processing Start
Γ£à Webhook signature validated successfully
Γ£à Redis connections verified
Sending message status:  replied
wamid.HBgMOTE5NjQzMzkzODc0FQIAERgSQkFENUVFNzBFREVCMkIxQzBBAA== message id
Sending req to set status
Contact:  { profile: { name: 'Adarsh Sharma' }, wa_id: '919643393874' }

----- OUTGOING REQUEST -----
URL: https://fastapione-gue2c5ecc9c4b8hy.centralindia-01.azurewebsites.net/set-status/
METHOD: POST
HEADERS SENT: Object [AxiosHeaders] {
  Accept: 'application/json, text/plain, */*',
  'Content-Type': 'application/json',
  'X-Tenant-Id': null,
  Authorization: 'Bearer eyJhbGciOiJIUzI1NiIsInR5cCI6IkpXVCJ9.eyJzdWIiOiJ3aGF0c2FwcF9ib3QiLCJ0ZW5hbnRfaWQiOiJhaSIsInJvbGUiOiJzeXN0ZW0iLCJ0aWVyIjoiZW50ZXJwcmlzZSIsInNjb3BlIjoic2VydmljZSIsImV4cCI6MjA1NDk3NDY2OX0.SLXxiBy00-NP9dBVcPl-9b5E0QtakNUajRKAjeXgFG8'
}
-----------------------------

Error updating status: { detail: 'Missing required fields' }

----- OUTGOING REQUEST -----
URL: https://django-faecdbgwhgepemec.canadacentral-01.azurewebsites.net/whatsapp_convo_post/919643393874/?source=whatsapp
METHOD: POST
HEADERS SENT: Object [AxiosHeaders] {
  Accept: 'application/json, text/plain, */*',
  'Content-Type': 'application/json',
  'X-Tenant-Id': 'ecdayvn',
  Authorization: 'Bearer eyJhbGciOiJIUzI1NiIsInR5cCI6IkpXVCJ9.eyJzdWIiOiJ3aGF0c2FwcF9ib3QiLCJ0ZW5hbnRfaWQiOiJhaSIsInJvbGUiOiJzeXN0ZW0iLCJ0aWVyIjoiZW50ZXJwcmlzZSIsInNjb3BlIjoic2VydmljZSIsImV4cCI6MjA1NDk3NDY2OX0.SLXxiBy00-NP9dBVcPl-9b5E0QtakNUajRKAjeXgFG8'
}
-----------------------------


----- OUTGOING REQUEST -----
URL: https://fastapione-gue2c5ecc9c4b8hy.centralindia-01.azurewebsites.net/notifications
METHOD: POST
HEADERS SENT: Object [AxiosHeaders] {
  Accept: 'application/json, text/plain, */*',
  'Content-Type': undefined,
  'X-Tenant-Id': 'ecdayvn',
  Authorization: 'Bearer eyJhbGciOiJIUzI1NiIsInR5cCI6IkpXVCJ9.eyJzdWIiOiJ3aGF0c2FwcF9ib3QiLCJ0ZW5hbnRfaWQiOiJhaSIsInJvbGUiOiJzeXN0ZW0iLCJ0aWVyIjoiZW50ZXJwcmlzZSIsInNjb3BlIjoic2VydmljZSIsImV4cCI6MjA1NDk3NDY2OX0.SLXxiBy00-NP9dBVcPl-9b5E0QtakNUajRKAjeXgFG8'
}
-----------------------------


----- OUTGOING REQUEST -----
URL: https://django-faecdbgwhgepemec.canadacentral-01.azurewebsites.net/update-last-seen/919643393874/replied
METHOD: PATCH
HEADERS SENT: Object [AxiosHeaders] {
  Accept: 'application/json, text/plain, */*',
  'Content-Type': undefined,
  bpid: '633229189882626',
  Authorization: 'Bearer eyJhbGciOiJIUzI1NiIsInR5cCI6IkpXVCJ9.eyJzdWIiOiJ3aGF0c2FwcF9ib3QiLCJ0ZW5hbnRfaWQiOiJhaSIsInJvbGUiOiJzeXN0ZW0iLCJ0aWVyIjoiZW50ZXJwcmlzZSIsInNjb3BlIjoic2VydmljZSIsImV4cCI6MjA1NDk3NDY2OX0.SLXxiBy00-NP9dBVcPl-9b5E0QtakNUajRKAjeXgFG8'
}
-----------------------------


----- OUTGOING REQUEST -----
URL: https://graph.facebook.com/v18.0/633229189882626/messages
METHOD: POST
HEADERS SENT: Object [AxiosHeaders] {
  Accept: 'application/json, text/plain, */*',
  'Content-Type': undefined,
  Authorization: 'Bearer EAAVZBobCt7AcBO2GUmdSAwUj1kvGqVDyZBhKvf7teV8DfjIrHUhI8jZC7VOz2BSLHy4MjALe73DRmFBFpNzkCoVONSpof4cERZBM7zx26nZAYRbslYmZAv03comASiVh33o5ZCesZBC8Vh6vfpupM5ekcLP25ncpPZAxZCZAoe7yrnwNx2WImjdtpxLM8SG5wBKUxCOH5U50kXDSB1PYdEiYh70sXw1vBKpsuDPc22JhbAoOkCskprNAPGurHlPj13z'
}
-----------------------------

Γ£à Analytics database connected
handleInput called with value: I want snacks ≡ƒºÇ
No valid inputVariable found, skipping API call.
Returning updated userSession:
Using adjacency list navigation (legacy)
Found in nextNode array, advanced to: 12
≡ƒöº BUTTON CLICK: Auto-advancing through button_element node 12
≡ƒöº Auto-advanced from button_element 12 to target 0
Session saved before sending node message
Webhook processing completed successfully
Current Node:  0  | Flow Version: 1
flowlfolwolfowl:  {
  id: 0,
  body: 'Yum! WhatΓÇÖs your vibe today?',
  type: 'Button',
  variable: 'category',
  variableType: 'category'
}
message b4 replacement:  Yum! WhatΓÇÖs your vibe today?
MEssage after replacing:  Yum! WhatΓÇÖs your vibe today?
Information for buttons:  [ 1, 2 ] Yum! WhatΓÇÖs your vibe today?
Response updating last seen:  { success: true, message: 'Update accepted' }
button_row: [
  { type: 'reply', reply: { id: 1, title: 'Bakery ≡ƒæ⌐≡ƒÅ╗ΓÇì≡ƒì│' } },
  { type: 'reply', reply: { id: 2, title: 'Munchies ≡ƒÿï' } }
]
Sending message to: 919643393874
Sending Message

----- OUTGOING REQUEST -----
URL: https://graph.facebook.com/v18.0/633229189882626/messages
METHOD: POST
HEADERS SENT: Object [AxiosHeaders] {
  Accept: 'application/json, text/plain, */*',
  'Content-Type': undefined,
  Authorization: 'Bearer EAAVZBobCt7AcBO2GUmdSAwUj1kvGqVDyZBhKvf7teV8DfjIrHUhI8jZC7VOz2BSLHy4MjALe73DRmFBFpNzkCoVONSpof4cERZBM7zx26nZAYRbslYmZAv03comASiVh33o5ZCesZBC8Vh6vfpupM5ekcLP25ncpPZAxZCZAoe7yrnwNx2WImjdtpxLM8SG5wBKUxCOH5U50kXDSB1PYdEiYh70sXw1vBKpsuDPc22JhbAoOkCskprNAPGurHlPj13z'
}
-----------------------------

Γ¥î Database query error: error: relation "message_events" does not exist
    at C:\Users\Adarsh\MyProject\Deployed_Finals\djangobackendaug2025\whatsapp_latest_final-mainjunk\whatsapp_bot_server_withclaude\node_modules\pg-pool\index.js:45:11
    at process.processTicksAndRejections (node:internal/process/task_queues:95:5)
    at async query (file:///C:/Users/Adarsh/MyProject/Deployed_Finals/djangobackendaug2025/whatsapp_latest_final-mainjunk/whatsapp_bot_server_withclaude/analytics/db.js:37:17)
    at async updateMessageEvent (file:///C:/Users/Adarsh/MyProject/Deployed_Finals/djangobackendaug2025/whatsapp_latest_final-mainjunk/whatsapp_bot_server_withclaude/analytics/tracker.js:95:20)
    at async trackMessageStatus (file:///C:/Users/Adarsh/MyProject/Deployed_Finals/djangobackendaug2025/whatsapp_latest_final-mainjunk/whatsapp_bot_server_withclaude/analytics/tracker.js:152:5)
    at async file:///C:/Users/Adarsh/MyProject/Deployed_Finals/djangobackendaug2025/whatsapp_latest_final-mainjunk/whatsapp_bot_server_withclaude/routes/webhookRoute.js:694:11 {
  length: 113,
  severity: 'ERROR',
  code: '42P01',
  detail: undefined,
  hint: undefined,
  position: '13',
  internalPosition: undefined,
  internalQuery: undefined,
  where: undefined,
  schema: undefined,
  table: undefined,
  column: undefined,
  dataType: undefined,
  constraint: undefined,
  file: 'parse_relation.c',
  line: '1180',
  routine: 'parserOpenTable'
}
Γ¥î [Analytics] Error updating message event: error: relation "message_events" does not exist
    at C:\Users\Adarsh\MyProject\Deployed_Finals\djangobackendaug2025\whatsapp_latest_final-mainjunk\whatsapp_bot_server_withclaude\node_modules\pg-pool\index.js:45:11
    at process.processTicksAndRejections (node:internal/process/task_queues:95:5)
    at async query (file:///C:/Users/Adarsh/MyProject/Deployed_Finals/djangobackendaug2025/whatsapp_latest_final-mainjunk/whatsapp_bot_server_withclaude/analytics/db.js:37:17)
    at async updateMessageEvent (file:///C:/Users/Adarsh/MyProject/Deployed_Finals/djangobackendaug2025/whatsapp_latest_final-mainjunk/whatsapp_bot_server_withclaude/analytics/tracker.js:95:20)
    at async trackMessageStatus (file:///C:/Users/Adarsh/MyProject/Deployed_Finals/djangobackendaug2025/whatsapp_latest_final-mainjunk/whatsapp_bot_server_withclaude/analytics/tracker.js:152:5)
    at async file:///C:/Users/Adarsh/MyProject/Deployed_Finals/djangobackendaug2025/whatsapp_latest_final-mainjunk/whatsapp_bot_server_withclaude/routes/webhookRoute.js:694:11 {
  length: 113,
  severity: 'ERROR',
  code: '42P01',
  detail: undefined,
  hint: undefined,
  position: '13',
  internalPosition: undefined,
  internalQuery: undefined,
  where: undefined,
  schema: undefined,
  table: undefined,
  column: undefined,
  dataType: undefined,
  constraint: undefined,
  file: 'parse_relation.c',
  line: '1180',
  routine: 'parserOpenTable'
}
Γ£à Analytics database connected
Γ¥î Database query error: error: relation "message_events" does not exist
    at C:\Users\Adarsh\MyProject\Deployed_Finals\djangobackendaug2025\whatsapp_latest_final-mainjunk\whatsapp_bot_server_withclaude\node_modules\pg-pool\index.js:45:11
    at process.processTicksAndRejections (node:internal/process/task_queues:95:5)
    at async query (file:///C:/Users/Adarsh/MyProject/Deployed_Finals/djangobackendaug2025/whatsapp_latest_final-mainjunk/whatsapp_bot_server_withclaude/analytics/db.js:37:17)
    at async trackMessageStatus (file:///C:/Users/Adarsh/MyProject/Deployed_Finals/djangobackendaug2025/whatsapp_latest_final-mainjunk/whatsapp_bot_server_withclaude/analytics/tracker.js:155:26)
    at async file:///C:/Users/Adarsh/MyProject/Deployed_Finals/djangobackendaug2025/whatsapp_latest_final-mainjunk/whatsapp_bot_server_withclaude/routes/webhookRoute.js:712:11 {
  length: 113,
  severity: 'ERROR',
  code: '42P01',
  detail: undefined,
  hint: undefined,
  position: '23',
  internalPosition: undefined,
  internalQuery: undefined,
  where: undefined,
  schema: undefined,
  table: undefined,
  column: undefined,
  dataType: undefined,
  constraint: undefined,
  file: 'parse_relation.c',
  line: '1180',
  routine: 'parserOpenTable'
}
Γ¥î [Analytics] Error tracking message status: error: relation "message_events" does not exist
    at C:\Users\Adarsh\MyProject\Deployed_Finals\djangobackendaug2025\whatsapp_latest_final-mainjunk\whatsapp_bot_server_withclaude\node_modules\pg-pool\index.js:45:11
    at process.processTicksAndRejections (node:internal/process/task_queues:95:5)
    at async query (file:///C:/Users/Adarsh/MyProject/Deployed_Finals/djangobackendaug2025/whatsapp_latest_final-mainjunk/whatsapp_bot_server_withclaude/analytics/db.js:37:17)
    at async trackMessageStatus (file:///C:/Users/Adarsh/MyProject/Deployed_Finals/djangobackendaug2025/whatsapp_latest_final-mainjunk/whatsapp_bot_server_withclaude/analytics/tracker.js:155:26)
    at async file:///C:/Users/Adarsh/MyProject/Deployed_Finals/djangobackendaug2025/whatsapp_latest_final-mainjunk/whatsapp_bot_server_withclaude/routes/webhookRoute.js:712:11 {
  length: 113,
  severity: 'ERROR',
  code: '42P01',
  detail: undefined,
  hint: undefined,
  position: '23',
  internalPosition: undefined,
  internalQuery: undefined,
  where: undefined,
  schema: undefined,
  table: undefined,
  column: undefined,
  dataType: undefined,
  constraint: undefined,
  file: 'parse_relation.c',
  line: '1180',
  routine: 'parserOpenTable'
}
Webhook Processing Complete
Message sent successfully: {
  messaging_product: 'whatsapp',
  contacts: [ { input: '919643393874', wa_id: '919643393874' } ],
  messages: [
    {
      id: 'wamid.HBgMOTE5NjQzMzkzODc0FQIAERgSMUNEQjUzQjdENDEyRDIyNzJDAA=='
    }
  ]
}
Tenant sent in send-message:  ecdayvn
Γ£à Analytics database connected
Γ¥î Database query error: error: relation "message_events" does not exist
    at C:\Users\Adarsh\MyProject\Deployed_Finals\djangobackendaug2025\whatsapp_latest_final-mainjunk\whatsapp_bot_server_withclaude\node_modules\pg-pool\index.js:45:11
    at process.processTicksAndRejections (node:internal/process/task_queues:95:5)
    at async query (file:///C:/Users/Adarsh/MyProject/Deployed_Finals/djangobackendaug2025/whatsapp_latest_final-mainjunk/whatsapp_bot_server_withclaude/analytics/db.js:37:17)
    at async trackMessageStatus (file:///C:/Users/Adarsh/MyProject/Deployed_Finals/djangobackendaug2025/whatsapp_latest_final-mainjunk/whatsapp_bot_server_withclaude/analytics/tracker.js:155:26)
    at async file:///C:/Users/Adarsh/MyProject/Deployed_Finals/djangobackendaug2025/whatsapp_latest_final-mainjunk/whatsapp_bot_server_withclaude/routes/webhookRoute.js:694:11 {
  length: 113,
  severity: 'ERROR',
  code: '42P01',
  detail: undefined,
  hint: undefined,
  position: '23',
  internalPosition: undefined,
  internalQuery: undefined,
  where: undefined,
  schema: undefined,
  table: undefined,
  column: undefined,
  dataType: undefined,
  constraint: undefined,
  file: 'parse_relation.c',
  line: '1180',
  routine: 'parserOpenTable'
}
Γ¥î [Analytics] Error tracking message status: error: relation "message_events" does not exist
    at C:\Users\Adarsh\MyProject\Deployed_Finals\djangobackendaug2025\whatsapp_latest_final-mainjunk\whatsapp_bot_server_withclaude\node_modules\pg-pool\index.js:45:11
    at process.processTicksAndRejections (node:internal/process/task_queues:95:5)
    at async query (file:///C:/Users/Adarsh/MyProject/Deployed_Finals/djangobackendaug2025/whatsapp_latest_final-mainjunk/whatsapp_bot_server_withclaude/analytics/db.js:37:17)
    at async trackMessageStatus (file:///C:/Users/Adarsh/MyProject/Deployed_Finals/djangobackendaug2025/whatsapp_latest_final-mainjunk/whatsapp_bot_server_withclaude/analytics/tracker.js:155:26)
    at async file:///C:/Users/Adarsh/MyProject/Deployed_Finals/djangobackendaug2025/whatsapp_latest_final-mainjunk/whatsapp_bot_server_withclaude/routes/webhookRoute.js:694:11 {
  length: 113,
  severity: 'ERROR',
  code: '42P01',
  detail: undefined,
  hint: undefined,
  position: '23',
  internalPosition: undefined,
  internalQuery: undefined,
  where: undefined,
  schema: undefined,
  table: undefined,
  column: undefined,
  dataType: undefined,
  constraint: undefined,
  file: 'parse_relation.c',
  line: '1180',
  routine: 'parserOpenTable'
}
Webhook Processing Complete
Webhook Processing Start
Γ£à Webhook signature validated successfully
Webhook Processing Complete
Γ£à Analytics database connected
Γ¥î Database query error: error: relation "message_events" does not exist
    at C:\Users\Adarsh\MyProject\Deployed_Finals\djangobackendaug2025\whatsapp_latest_final-mainjunk\whatsapp_bot_server_withclaude\node_modules\pg-pool\index.js:45:11
    at process.processTicksAndRejections (node:internal/process/task_queues:95:5)
    at async query (file:///C:/Users/Adarsh/MyProject/Deployed_Finals/djangobackendaug2025/whatsapp_latest_final-mainjunk/whatsapp_bot_server_withclaude/analytics/db.js:37:17)
    at async trackMessageSend (file:///C:/Users/Adarsh/MyProject/Deployed_Finals/djangobackendaug2025/whatsapp_latest_final-mainjunk/whatsapp_bot_server_withclaude/analytics/tracker.js:49:20)
    at async sendMessage (file:///C:/Users/Adarsh/MyProject/Deployed_Finals/djangobackendaug2025/whatsapp_latest_final-mainjunk/whatsapp_bot_server_withclaude/send-message.js:48:17)
    at async processNodeLegacy (file:///C:/Users/Adarsh/MyProject/Deployed_Finals/djangobackendaug2025/whatsapp_latest_final-mainjunk/whatsapp_bot_server_withclaude/mainwebhook/snm.js:431:17)
    at async sendNodeMessage (file:///C:/Users/Adarsh/MyProject/Deployed_Finals/djangobackendaug2025/whatsapp_latest_final-mainjunk/whatsapp_bot_server_withclaude/mainwebhook/snm.js:260:13) {
  length: 113,
  severity: 'ERROR',
  code: '42P01',
  detail: undefined,
  hint: undefined,
  position: '20',
  internalPosition: undefined,
  internalQuery: undefined,
  where: undefined,
  schema: undefined,
  table: undefined,
  column: undefined,
  dataType: undefined,
  constraint: undefined,
  file: 'parse_relation.c',
  line: '1180',
  routine: 'parserOpenTable'
}
Γ¥î [Analytics] Error tracking message send: error: relation "message_events" does not exist
    at C:\Users\Adarsh\MyProject\Deployed_Finals\djangobackendaug2025\whatsapp_latest_final-mainjunk\whatsapp_bot_server_withclaude\node_modules\pg-pool\index.js:45:11
    at process.processTicksAndRejections (node:internal/process/task_queues:95:5)
    at async query (file:///C:/Users/Adarsh/MyProject/Deployed_Finals/djangobackendaug2025/whatsapp_latest_final-mainjunk/whatsapp_bot_server_withclaude/analytics/db.js:37:17)
    at async trackMessageSend (file:///C:/Users/Adarsh/MyProject/Deployed_Finals/djangobackendaug2025/whatsapp_latest_final-mainjunk/whatsapp_bot_server_withclaude/analytics/tracker.js:49:20)
    at async sendMessage (file:///C:/Users/Adarsh/MyProject/Deployed_Finals/djangobackendaug2025/whatsapp_latest_final-mainjunk/whatsapp_bot_server_withclaude/send-message.js:48:17)
    at async processNodeLegacy (file:///C:/Users/Adarsh/MyProject/Deployed_Finals/djangobackendaug2025/whatsapp_latest_final-mainjunk/whatsapp_bot_server_withclaude/mainwebhook/snm.js:431:17)
    at async sendNodeMessage (file:///C:/Users/Adarsh/MyProject/Deployed_Finals/djangobackendaug2025/whatsapp_latest_final-mainjunk/whatsapp_bot_server_withclaude/mainwebhook/snm.js:260:13) {
  length: 113,
  severity: 'ERROR',
  code: '42P01',
  detail: undefined,
  hint: undefined,
  position: '20',
  internalPosition: undefined,
  internalQuery: undefined,
  where: undefined,
  schema: undefined,
  table: undefined,
  column: undefined,
  dataType: undefined,
  constraint: undefined,
  file: 'parse_relation.c',
  line: '1180',
  routine: 'parserOpenTable'
}
Emitted Node Message

----- OUTGOING REQUEST -----
URL: https://django-faecdbgwhgepemec.canadacentral-01.azurewebsites.net/whatsapp_convo_post/919643393874/?source=whatsapp
METHOD: POST
HEADERS SENT: Object [AxiosHeaders] {
  Accept: 'application/json, text/plain, */*',
  'Content-Type': 'application/json',
  'X-Tenant-Id': 'ecdayvn',
  Authorization: 'Bearer eyJhbGciOiJIUzI1NiIsInR5cCI6IkpXVCJ9.eyJzdWIiOiJ3aGF0c2FwcF9ib3QiLCJ0ZW5hbnRfaWQiOiJhaSIsInJvbGUiOiJzeXN0ZW0iLCJ0aWVyIjoiZW50ZXJwcmlzZSIsInNjb3BlIjoic2VydmljZSIsImV4cCI6MjA1NDk3NDY2OX0.SLXxiBy00-NP9dBVcPl-9b5E0QtakNUajRKAjeXgFG8'
}
-----------------------------

Updated Current Node:  0
Webhook Processing Start
Γ£à Webhook signature validated successfully

----- OUTGOING REQUEST -----
URL: https://django-faecdbgwhgepemec.canadacentral-01.azurewebsites.net/individual_message_statistics/
METHOD: POST
HEADERS SENT: Object [AxiosHeaders] {
  Accept: 'application/json, text/plain, */*',
  'Content-Type': undefined,
  bpid: '633229189882626',
  Authorization: 'Bearer eyJhbGciOiJIUzI1NiIsInR5cCI6IkpXVCJ9.eyJzdWIiOiJ3aGF0c2FwcF9ib3QiLCJ0ZW5hbnRfaWQiOiJhaSIsInJvbGUiOiJzeXN0ZW0iLCJ0aWVyIjoiZW50ZXJwcmlzZSIsInNjb3BlIjoic2VydmljZSIsImV4cCI6MjA1NDk3NDY2OX0.SLXxiBy00-NP9dBVcPl-9b5E0QtakNUajRKAjeXgFG8'
}
-----------------------------


----- OUTGOING REQUEST -----
URL: https://django-faecdbgwhgepemec.canadacentral-01.azurewebsites.net/update-last-seen/919643393874/seen
METHOD: PATCH
HEADERS SENT: Object [AxiosHeaders] {
  Accept: 'application/json, text/plain, */*',
  'Content-Type': undefined,
  bpid: '633229189882626',
  Authorization: 'Bearer eyJhbGciOiJIUzI1NiIsInR5cCI6IkpXVCJ9.eyJzdWIiOiJ3aGF0c2FwcF9ib3QiLCJ0ZW5hbnRfaWQiOiJhaSIsInJvbGUiOiJzeXN0ZW0iLCJ0aWVyIjoiZW50ZXJwcmlzZSIsInNjb3BlIjoic2VydmljZSIsImV4cCI6MjA1NDk3NDY2OX0.SLXxiBy00-NP9dBVcPl-9b5E0QtakNUajRKAjeXgFG8'
}
-----------------------------

Response updating last seen:  { success: true, message: 'Update accepted' }
Webhook Processing Start
Γ£à Webhook signature validated successfully
Delivered:  919643393874

----- OUTGOING REQUEST -----
URL: https://django-faecdbgwhgepemec.canadacentral-01.azurewebsites.net/individual_message_statistics/
METHOD: POST
HEADERS SENT: Object [AxiosHeaders] {
  Accept: 'application/json, text/plain, */*',
  'Content-Type': undefined,
  bpid: '633229189882626',
  Authorization: 'Bearer eyJhbGciOiJIUzI1NiIsInR5cCI6IkpXVCJ9.eyJzdWIiOiJ3aGF0c2FwcF9ib3QiLCJ0ZW5hbnRfaWQiOiJhaSIsInJvbGUiOiJzeXN0ZW0iLCJ0aWVyIjoiZW50ZXJwcmlzZSIsInNjb3BlIjoic2VydmljZSIsImV4cCI6MjA1NDk3NDY2OX0.SLXxiBy00-NP9dBVcPl-9b5E0QtakNUajRKAjeXgFG8'
}
-----------------------------


----- OUTGOING REQUEST -----
URL: https://django-faecdbgwhgepemec.canadacentral-01.azurewebsites.net/update-last-seen/919643393874/delivered
METHOD: PATCH
HEADERS SENT: Object [AxiosHeaders] {
  Accept: 'application/json, text/plain, */*',
  'Content-Type': undefined,
  bpid: '633229189882626',
  Authorization: 'Bearer eyJhbGciOiJIUzI1NiIsInR5cCI6IkpXVCJ9.eyJzdWIiOiJ3aGF0c2FwcF9ib3QiLCJ0ZW5hbnRfaWQiOiJhaSIsInJvbGUiOiJzeXN0ZW0iLCJ0aWVyIjoiZW50ZXJwcmlzZSIsInNjb3BlIjoic2VydmljZSIsImV4cCI6MjA1NDk3NDY2OX0.SLXxiBy00-NP9dBVcPl-9b5E0QtakNUajRKAjeXgFG8'
}
-----------------------------

Response updating last seen:  { success: true, message: 'Update accepted' }
Γ£à Analytics database connected
ΓÜá∩╕Å  Redis not available - getTemplateName called in local mode
Γ¥î Database query error: error: relation "message_events" does not exist
    at C:\Users\Adarsh\MyProject\Deployed_Finals\djangobackendaug2025\whatsapp_latest_final-mainjunk\whatsapp_bot_server_withclaude\node_modules\pg-pool\index.js:45:11
    at process.processTicksAndRejections (node:internal/process/task_queues:95:5)
    at async query (file:///C:/Users/Adarsh/MyProject/Deployed_Finals/djangobackendaug2025/whatsapp_latest_final-mainjunk/whatsapp_bot_server_withclaude/analytics/db.js:37:17)
    at async updateMessageEvent (file:///C:/Users/Adarsh/MyProject/Deployed_Finals/djangobackendaug2025/whatsapp_latest_final-mainjunk/whatsapp_bot_server_withclaude/analytics/tracker.js:95:20)
    at async trackMessageStatus (file:///C:/Users/Adarsh/MyProject/Deployed_Finals/djangobackendaug2025/whatsapp_latest_final-mainjunk/whatsapp_bot_server_withclaude/analytics/tracker.js:152:5)
    at async file:///C:/Users/Adarsh/MyProject/Deployed_Finals/djangobackendaug2025/whatsapp_latest_final-mainjunk/whatsapp_bot_server_withclaude/routes/webhookRoute.js:712:11 {
  length: 113,
  severity: 'ERROR',
  code: '42P01',
  detail: undefined,
  hint: undefined,
  position: '13',
  internalPosition: undefined,
  internalQuery: undefined,
  where: undefined,
  schema: undefined,
  table: undefined,
  column: undefined,
  dataType: undefined,
  constraint: undefined,
  file: 'parse_relation.c',
  line: '1180',
  routine: 'parserOpenTable'
}
Γ¥î [Analytics] Error updating message event: error: relation "message_events" does not exist
    at C:\Users\Adarsh\MyProject\Deployed_Finals\djangobackendaug2025\whatsapp_latest_final-mainjunk\whatsapp_bot_server_withclaude\node_modules\pg-pool\index.js:45:11
    at process.processTicksAndRejections (node:internal/process/task_queues:95:5)
    at async query (file:///C:/Users/Adarsh/MyProject/Deployed_Finals/djangobackendaug2025/whatsapp_latest_final-mainjunk/whatsapp_bot_server_withclaude/analytics/db.js:37:17)
    at async updateMessageEvent (file:///C:/Users/Adarsh/MyProject/Deployed_Finals/djangobackendaug2025/whatsapp_latest_final-mainjunk/whatsapp_bot_server_withclaude/analytics/tracker.js:95:20)
    at async trackMessageStatus (file:///C:/Users/Adarsh/MyProject/Deployed_Finals/djangobackendaug2025/whatsapp_latest_final-mainjunk/whatsapp_bot_server_withclaude/analytics/tracker.js:152:5)
    at async file:///C:/Users/Adarsh/MyProject/Deployed_Finals/djangobackendaug2025/whatsapp_latest_final-mainjunk/whatsapp_bot_server_withclaude/routes/webhookRoute.js:712:11 {
  length: 113,
  severity: 'ERROR',
  code: '42P01',
  detail: undefined,
  hint: undefined,
  position: '13',
  internalPosition: undefined,
  internalQuery: undefined,
  where: undefined,
  schema: undefined,
  table: undefined,
  column: undefined,
  dataType: undefined,
  constraint: undefined,
  file: 'parse_relation.c',
  line: '1180',
  routine: 'parserOpenTable'
}
Webhook Processing Start
Γ£à Webhook signature validated successfully
Γ£à Redis connections verified
Sending message status:  replied
wamid.HBgMOTE5NjQzMzkzODc0FQIAERgSMUNEQjUzQjdENDEyRDIyNzJDAA== message id
Sending req to set status
Contact:  { profile: { name: 'Adarsh Sharma' }, wa_id: '919643393874' }

----- OUTGOING REQUEST -----
URL: https://fastapione-gue2c5ecc9c4b8hy.centralindia-01.azurewebsites.net/set-status/
METHOD: POST
HEADERS SENT: Object [AxiosHeaders] {
  Accept: 'application/json, text/plain, */*',
  'Content-Type': 'application/json',
  'X-Tenant-Id': null,
  Authorization: 'Bearer eyJhbGciOiJIUzI1NiIsInR5cCI6IkpXVCJ9.eyJzdWIiOiJ3aGF0c2FwcF9ib3QiLCJ0ZW5hbnRfaWQiOiJhaSIsInJvbGUiOiJzeXN0ZW0iLCJ0aWVyIjoiZW50ZXJwcmlzZSIsInNjb3BlIjoic2VydmljZSIsImV4cCI6MjA1NDk3NDY2OX0.SLXxiBy00-NP9dBVcPl-9b5E0QtakNUajRKAjeXgFG8'
}
-----------------------------


----- OUTGOING REQUEST -----
URL: https://django-faecdbgwhgepemec.canadacentral-01.azurewebsites.net/whatsapp_convo_post/919643393874/?source=whatsapp
METHOD: POST
HEADERS SENT: Object [AxiosHeaders] {
  Accept: 'application/json, text/plain, */*',
  'Content-Type': 'application/json',
  'X-Tenant-Id': 'ecdayvn',
  Authorization: 'Bearer eyJhbGciOiJIUzI1NiIsInR5cCI6IkpXVCJ9.eyJzdWIiOiJ3aGF0c2FwcF9ib3QiLCJ0ZW5hbnRfaWQiOiJhaSIsInJvbGUiOiJzeXN0ZW0iLCJ0aWVyIjoiZW50ZXJwcmlzZSIsInNjb3BlIjoic2VydmljZSIsImV4cCI6MjA1NDk3NDY2OX0.SLXxiBy00-NP9dBVcPl-9b5E0QtakNUajRKAjeXgFG8'
}
-----------------------------


----- OUTGOING REQUEST -----
URL: https://fastapione-gue2c5ecc9c4b8hy.centralindia-01.azurewebsites.net/notifications
METHOD: POST
HEADERS SENT: Object [AxiosHeaders] {
  Accept: 'application/json, text/plain, */*',
  'Content-Type': undefined,
  'X-Tenant-Id': 'ecdayvn',
  Authorization: 'Bearer eyJhbGciOiJIUzI1NiIsInR5cCI6IkpXVCJ9.eyJzdWIiOiJ3aGF0c2FwcF9ib3QiLCJ0ZW5hbnRfaWQiOiJhaSIsInJvbGUiOiJzeXN0ZW0iLCJ0aWVyIjoiZW50ZXJwcmlzZSIsInNjb3BlIjoic2VydmljZSIsImV4cCI6MjA1NDk3NDY2OX0.SLXxiBy00-NP9dBVcPl-9b5E0QtakNUajRKAjeXgFG8'
}
-----------------------------


----- OUTGOING REQUEST -----
URL: https://django-faecdbgwhgepemec.canadacentral-01.azurewebsites.net/update-last-seen/919643393874/replied
METHOD: PATCH
HEADERS SENT: Object [AxiosHeaders] {
  Accept: 'application/json, text/plain, */*',
  'Content-Type': undefined,
  bpid: '633229189882626',
  Authorization: 'Bearer eyJhbGciOiJIUzI1NiIsInR5cCI6IkpXVCJ9.eyJzdWIiOiJ3aGF0c2FwcF9ib3QiLCJ0ZW5hbnRfaWQiOiJhaSIsInJvbGUiOiJzeXN0ZW0iLCJ0aWVyIjoiZW50ZXJwcmlzZSIsInNjb3BlIjoic2VydmljZSIsImV4cCI6MjA1NDk3NDY2OX0.SLXxiBy00-NP9dBVcPl-9b5E0QtakNUajRKAjeXgFG8'
}
-----------------------------


----- OUTGOING REQUEST -----
URL: https://graph.facebook.com/v18.0/633229189882626/messages
METHOD: POST
HEADERS SENT: Object [AxiosHeaders] {
  Accept: 'application/json, text/plain, */*',
  'Content-Type': undefined,
  Authorization: 'Bearer EAAVZBobCt7AcBO2GUmdSAwUj1kvGqVDyZBhKvf7teV8DfjIrHUhI8jZC7VOz2BSLHy4MjALe73DRmFBFpNzkCoVONSpof4cERZBM7zx26nZAYRbslYmZAv03comASiVh33o5ZCesZBC8Vh6vfpupM5ekcLP25ncpPZAxZCZAoe7yrnwNx2WImjdtpxLM8SG5wBKUxCOH5U50kXDSB1PYdEiYh70sXw1vBKpsuDPc22JhbAoOkCskprNAPGurHlPj13z'
}
-----------------------------

Error updating status: { detail: 'Missing required fields' }
Response updating last seen:  { success: true, message: 'Update accepted' }
handleInput called with value: Munchies ≡ƒÿï
Valid inputVariable detected: category
Extracted user session details: {
  input_variable: 'category',
  phone: '919643393874',
  flow_name: 'letstrytwo'
}
Stored value in userSession.api.POST[category] = Munchies ≡ƒÿï
Cleared inputVariable after storing value
Constructed payload: {
  flow_name: 'letstrytwo',
  input_variable: 'category',
  value: 'Munchies ≡ƒÿï',
  phone: '919643393874'
}
Sending data to API: https://django-faecdbgwhgepemec.canadacentral-01.azurewebsites.net/add-dynamic-data/
Using adjacency list navigation (legacy)
Found in nextNode array, advanced to: 2
≡ƒöº BUTTON CLICK: Auto-advancing through button_element node 2
≡ƒöº Auto-advanced from button_element 2 to target 4

----- OUTGOING REQUEST -----
URL: https://django-faecdbgwhgepemec.canadacentral-01.azurewebsites.net/add-dynamic-data/
METHOD: POST
HEADERS SENT: Object [AxiosHeaders] {
  Accept: 'application/json, text/plain, */*',
  'Content-Type': undefined,
  'X-Tenant-Id': 'ecdayvn',
  Authorization: 'Bearer eyJhbGciOiJIUzI1NiIsInR5cCI6IkpXVCJ9.eyJzdWIiOiJ3aGF0c2FwcF9ib3QiLCJ0ZW5hbnRfaWQiOiJhaSIsInJvbGUiOiJzeXN0ZW0iLCJ0aWVyIjoiZW50ZXJwcmlzZSIsInNjb3BlIjoic2VydmljZSIsImV4cCI6MjA1NDk3NDY2OX0.SLXxiBy00-NP9dBVcPl-9b5E0QtakNUajRKAjeXgFG8'
}
-----------------------------

Γ£à Analytics database connected
Session saved before sending node message
Webhook processing completed successfully
Γ£à Analytics database connected
Current Node:  4  | Flow Version: 1
flowlfolwolfowl:  { id: 4, body: 'letstry', type: 'customint' }

----- OUTGOING REQUEST -----
URL: https://nurenaiautomatic-b7hmdnb4fzbpbtbh.canadacentral-01.azurewebsites.net/webhook/ecdayvn
METHOD: POST
HEADERS SENT: Object [AxiosHeaders] {
  Accept: 'application/json, text/plain, */*',
  'Content-Type': 'application/json',
  Authorization: 'Bearer EAAVZBobCt7AcBO2GUmdSAwUj1kvGqVDyZBhKvf7teV8DfjIrHUhI8jZC7VOz2BSLHy4MjALe73DRmFBFpNzkCoVONSpof4cERZBM7zx26nZAYRbslYmZAv03comASiVh33o5ZCesZBC8Vh6vfpupM5ekcLP25ncpPZAxZCZAoe7yrnwNx2WImjdtpxLM8SG5wBKUxCOH5U50kXDSB1PYdEiYh70sXw1vBKpsuDPc22JhbAoOkCskprNAPGurHlPj13z'
}
-----------------------------

Γ¥î Database query error: error: relation "message_events" does not exist
    at C:\Users\Adarsh\MyProject\Deployed_Finals\djangobackendaug2025\whatsapp_latest_final-mainjunk\whatsapp_bot_server_withclaude\node_modules\pg-pool\index.js:45:11
    at process.processTicksAndRejections (node:internal/process/task_queues:95:5)
    at async query (file:///C:/Users/Adarsh/MyProject/Deployed_Finals/djangobackendaug2025/whatsapp_latest_final-mainjunk/whatsapp_bot_server_withclaude/analytics/db.js:37:17)
    at async updateMessageEvent (file:///C:/Users/Adarsh/MyProject/Deployed_Finals/djangobackendaug2025/whatsapp_latest_final-mainjunk/whatsapp_bot_server_withclaude/analytics/tracker.js:95:20)
    at async trackMessageStatus (file:///C:/Users/Adarsh/MyProject/Deployed_Finals/djangobackendaug2025/whatsapp_latest_final-mainjunk/whatsapp_bot_server_withclaude/analytics/tracker.js:152:5)
    at async file:///C:/Users/Adarsh/MyProject/Deployed_Finals/djangobackendaug2025/whatsapp_latest_final-mainjunk/whatsapp_bot_server_withclaude/routes/webhookRoute.js:694:11 {
  length: 113,
  severity: 'ERROR',
  code: '42P01',
  detail: undefined,
  hint: undefined,
  position: '13',
  internalPosition: undefined,
  internalQuery: undefined,
  where: undefined,
  schema: undefined,
  table: undefined,
  column: undefined,
  dataType: undefined,
  constraint: undefined,
  file: 'parse_relation.c',
  line: '1180',
  routine: 'parserOpenTable'
}
Γ¥î [Analytics] Error updating message event: error: relation "message_events" does not exist
    at C:\Users\Adarsh\MyProject\Deployed_Finals\djangobackendaug2025\whatsapp_latest_final-mainjunk\whatsapp_bot_server_withclaude\node_modules\pg-pool\index.js:45:11
    at process.processTicksAndRejections (node:internal/process/task_queues:95:5)
    at async query (file:///C:/Users/Adarsh/MyProject/Deployed_Finals/djangobackendaug2025/whatsapp_latest_final-mainjunk/whatsapp_bot_server_withclaude/analytics/db.js:37:17)
    at async updateMessageEvent (file:///C:/Users/Adarsh/MyProject/Deployed_Finals/djangobackendaug2025/whatsapp_latest_final-mainjunk/whatsapp_bot_server_withclaude/analytics/tracker.js:95:20)
    at async trackMessageStatus (file:///C:/Users/Adarsh/MyProject/Deployed_Finals/djangobackendaug2025/whatsapp_latest_final-mainjunk/whatsapp_bot_server_withclaude/analytics/tracker.js:152:5)
    at async file:///C:/Users/Adarsh/MyProject/Deployed_Finals/djangobackendaug2025/whatsapp_latest_final-mainjunk/whatsapp_bot_server_withclaude/routes/webhookRoute.js:694:11 {
  length: 113,
  severity: 'ERROR',
  code: '42P01',
  detail: undefined,
  hint: undefined,
  position: '13',
  internalPosition: undefined,
  internalQuery: undefined,
  where: undefined,
  schema: undefined,
  table: undefined,
  column: undefined,
  dataType: undefined,
  constraint: undefined,
  file: 'parse_relation.c',
  line: '1180',
  routine: 'parserOpenTable'
}
Γ¥î Database query error: error: relation "message_events" does not exist
    at C:\Users\Adarsh\MyProject\Deployed_Finals\djangobackendaug2025\whatsapp_latest_final-mainjunk\whatsapp_bot_server_withclaude\node_modules\pg-pool\index.js:45:11
    at process.processTicksAndRejections (node:internal/process/task_queues:95:5)
    at async query (file:///C:/Users/Adarsh/MyProject/Deployed_Finals/djangobackendaug2025/whatsapp_latest_final-mainjunk/whatsapp_bot_server_withclaude/analytics/db.js:37:17)
    at async trackMessageStatus (file:///C:/Users/Adarsh/MyProject/Deployed_Finals/djangobackendaug2025/whatsapp_latest_final-mainjunk/whatsapp_bot_server_withclaude/analytics/tracker.js:155:26)
    at async file:///C:/Users/Adarsh/MyProject/Deployed_Finals/djangobackendaug2025/whatsapp_latest_final-mainjunk/whatsapp_bot_server_withclaude/routes/webhookRoute.js:712:11 {
  length: 113,
  severity: 'ERROR',
  code: '42P01',
  detail: undefined,
  hint: undefined,
  position: '23',
  internalPosition: undefined,
  internalQuery: undefined,
  where: undefined,
  schema: undefined,
  table: undefined,
  column: undefined,
  dataType: undefined,
  constraint: undefined,
  file: 'parse_relation.c',
  line: '1180',
  routine: 'parserOpenTable'
}
Γ¥î [Analytics] Error tracking message status: error: relation "message_events" does not exist
    at C:\Users\Adarsh\MyProject\Deployed_Finals\djangobackendaug2025\whatsapp_latest_final-mainjunk\whatsapp_bot_server_withclaude\node_modules\pg-pool\index.js:45:11
    at process.processTicksAndRejections (node:internal/process/task_queues:95:5)
    at async query (file:///C:/Users/Adarsh/MyProject/Deployed_Finals/djangobackendaug2025/whatsapp_latest_final-mainjunk/whatsapp_bot_server_withclaude/analytics/db.js:37:17)
    at async trackMessageStatus (file:///C:/Users/Adarsh/MyProject/Deployed_Finals/djangobackendaug2025/whatsapp_latest_final-mainjunk/whatsapp_bot_server_withclaude/analytics/tracker.js:155:26)
    at async file:///C:/Users/Adarsh/MyProject/Deployed_Finals/djangobackendaug2025/whatsapp_latest_final-mainjunk/whatsapp_bot_server_withclaude/routes/webhookRoute.js:712:11 {
  length: 113,
  severity: 'ERROR',
  code: '42P01',
  detail: undefined,
  hint: undefined,
  position: '23',
  internalPosition: undefined,
  internalQuery: undefined,
  where: undefined,
  schema: undefined,
  table: undefined,
  column: undefined,
  dataType: undefined,
  constraint: undefined,
  file: 'parse_relation.c',
  line: '1180',
  routine: 'parserOpenTable'
}
Webhook Processing Complete
Data sent successfully! Response: { message: 'Success' }
Returning updated userSession:
Γ£à Analytics database connected
Γ¥î Database query error: error: relation "message_events" does not exist
    at C:\Users\Adarsh\MyProject\Deployed_Finals\djangobackendaug2025\whatsapp_latest_final-mainjunk\whatsapp_bot_server_withclaude\node_modules\pg-pool\index.js:45:11
    at process.processTicksAndRejections (node:internal/process/task_queues:95:5)
    at async query (file:///C:/Users/Adarsh/MyProject/Deployed_Finals/djangobackendaug2025/whatsapp_latest_final-mainjunk/whatsapp_bot_server_withclaude/analytics/db.js:37:17)
    at async trackMessageStatus (file:///C:/Users/Adarsh/MyProject/Deployed_Finals/djangobackendaug2025/whatsapp_latest_final-mainjunk/whatsapp_bot_server_withclaude/analytics/tracker.js:155:26)
    at async file:///C:/Users/Adarsh/MyProject/Deployed_Finals/djangobackendaug2025/whatsapp_latest_final-mainjunk/whatsapp_bot_server_withclaude/routes/webhookRoute.js:694:11 {
  length: 113,
  severity: 'ERROR',
  code: '42P01',
  detail: undefined,
  hint: undefined,
  position: '23',
  internalPosition: undefined,
  internalQuery: undefined,
  where: undefined,
  schema: undefined,
  table: undefined,
  column: undefined,
  dataType: undefined,
  constraint: undefined,
  file: 'parse_relation.c',
  line: '1180',
  routine: 'parserOpenTable'
}
Γ¥î [Analytics] Error tracking message status: error: relation "message_events" does not exist
    at C:\Users\Adarsh\MyProject\Deployed_Finals\djangobackendaug2025\whatsapp_latest_final-mainjunk\whatsapp_bot_server_withclaude\node_modules\pg-pool\index.js:45:11
    at process.processTicksAndRejections (node:internal/process/task_queues:95:5)
    at async query (file:///C:/Users/Adarsh/MyProject/Deployed_Finals/djangobackendaug2025/whatsapp_latest_final-mainjunk/whatsapp_bot_server_withclaude/analytics/db.js:37:17)
    at async trackMessageStatus (file:///C:/Users/Adarsh/MyProject/Deployed_Finals/djangobackendaug2025/whatsapp_latest_final-mainjunk/whatsapp_bot_server_withclaude/analytics/tracker.js:155:26)
    at async file:///C:/Users/Adarsh/MyProject/Deployed_Finals/djangobackendaug2025/whatsapp_latest_final-mainjunk/whatsapp_bot_server_withclaude/routes/webhookRoute.js:694:11 {
  length: 113,
  severity: 'ERROR',
  code: '42P01',
  detail: undefined,
  hint: undefined,
  position: '23',
  internalPosition: undefined,
  internalQuery: undefined,
  where: undefined,
  schema: undefined,
  table: undefined,
  column: undefined,
  dataType: undefined,
  constraint: undefined,
  file: 'parse_relation.c',
  line: '1180',
  routine: 'parserOpenTable'
}
Webhook Processing Complete
Webhook Processing Start
Γ£à Webhook signature validated successfully
Webhook Processing Complete
Webhook Processing Start
Γ£à Webhook signature validated successfully

----- OUTGOING REQUEST -----
URL: https://django-faecdbgwhgepemec.canadacentral-01.azurewebsites.net/individual_message_statistics/
METHOD: POST
HEADERS SENT: Object [AxiosHeaders] {
  Accept: 'application/json, text/plain, */*',
  'Content-Type': undefined,
  bpid: '633229189882626',
  Authorization: 'Bearer eyJhbGciOiJIUzI1NiIsInR5cCI6IkpXVCJ9.eyJzdWIiOiJ3aGF0c2FwcF9ib3QiLCJ0ZW5hbnRfaWQiOiJhaSIsInJvbGUiOiJzeXN0ZW0iLCJ0aWVyIjoiZW50ZXJwcmlzZSIsInNjb3BlIjoic2VydmljZSIsImV4cCI6MjA1NDk3NDY2OX0.SLXxiBy00-NP9dBVcPl-9b5E0QtakNUajRKAjeXgFG8'
}
-----------------------------


----- OUTGOING REQUEST -----
URL: https://django-faecdbgwhgepemec.canadacentral-01.azurewebsites.net/update-last-seen/919643393874/seen
METHOD: PATCH
HEADERS SENT: Object [AxiosHeaders] {
  Accept: 'application/json, text/plain, */*',
  'Content-Type': undefined,
  bpid: '633229189882626',
  Authorization: 'Bearer eyJhbGciOiJIUzI1NiIsInR5cCI6IkpXVCJ9.eyJzdWIiOiJ3aGF0c2FwcF9ib3QiLCJ0ZW5hbnRfaWQiOiJhaSIsInJvbGUiOiJzeXN0ZW0iLCJ0aWVyIjoiZW50ZXJwcmlzZSIsInNjb3BlIjoic2VydmljZSIsImV4cCI6MjA1NDk3NDY2OX0.SLXxiBy00-NP9dBVcPl-9b5E0QtakNUajRKAjeXgFG8'
}
-----------------------------

Webhook Processing Start
Γ£à Webhook signature validated successfully
Delivered:  919643393874

----- OUTGOING REQUEST -----
URL: https://django-faecdbgwhgepemec.canadacentral-01.azurewebsites.net/individual_message_statistics/
METHOD: POST
HEADERS SENT: Object [AxiosHeaders] {
  Accept: 'application/json, text/plain, */*',
  'Content-Type': undefined,
  bpid: '633229189882626',
  Authorization: 'Bearer eyJhbGciOiJIUzI1NiIsInR5cCI6IkpXVCJ9.eyJzdWIiOiJ3aGF0c2FwcF9ib3QiLCJ0ZW5hbnRfaWQiOiJhaSIsInJvbGUiOiJzeXN0ZW0iLCJ0aWVyIjoiZW50ZXJwcmlzZSIsInNjb3BlIjoic2VydmljZSIsImV4cCI6MjA1NDk3NDY2OX0.SLXxiBy00-NP9dBVcPl-9b5E0QtakNUajRKAjeXgFG8'
}
-----------------------------


----- OUTGOING REQUEST -----
URL: https://django-faecdbgwhgepemec.canadacentral-01.azurewebsites.net/update-last-seen/919643393874/delivered
METHOD: PATCH
HEADERS SENT: Object [AxiosHeaders] {
  Accept: 'application/json, text/plain, */*',
  'Content-Type': undefined,
  bpid: '633229189882626',
  Authorization: 'Bearer eyJhbGciOiJIUzI1NiIsInR5cCI6IkpXVCJ9.eyJzdWIiOiJ3aGF0c2FwcF9ib3QiLCJ0ZW5hbnRfaWQiOiJhaSIsInJvbGUiOiJzeXN0ZW0iLCJ0aWVyIjoiZW50ZXJwcmlzZSIsInNjb3BlIjoic2VydmljZSIsImV4cCI6MjA1NDk3NDY2OX0.SLXxiBy00-NP9dBVcPl-9b5E0QtakNUajRKAjeXgFG8'
}
-----------------------------

Response updating last seen:  { success: true, message: 'Update accepted' }
ΓÜá∩╕Å  Redis not available - getTemplateName called in local mode
Γ£à Analytics database connected
Error Occured in updating last seen:  AxiosError: Request failed with status code 500
    at settle (file:///C:/Users/Adarsh/MyProject/Deployed_Finals/djangobackendaug2025/whatsapp_latest_final-mainjunk/whatsapp_bot_server_withclaude/node_modules/axios/lib/core/settle.js:19:12)
    at IncomingMessage.handleStreamEnd (file:///C:/Users/Adarsh/MyProject/Deployed_Finals/djangobackendaug2025/whatsapp_latest_final-mainjunk/whatsapp_bot_server_withclaude/node_modules/axios/lib/adapters/http.js:589:11)
    at IncomingMessage.emit (node:events:531:35)
    at endReadableNT (node:internal/streams/readable:1696:12)
    at process.processTicksAndRejections (node:internal/process/task_queues:82:21)
    at Axios.request (file:///C:/Users/Adarsh/MyProject/Deployed_Finals/djangobackendaug2025/whatsapp_latest_final-mainjunk/whatsapp_bot_server_withclaude/node_modules/axios/lib/core/Axios.js:45:41)
    at process.processTicksAndRejections (node:internal/process/task_queues:95:5)
    at async updateLastSeen (file:///C:/Users/Adarsh/MyProject/Deployed_Finals/djangobackendaug2025/whatsapp_latest_final-mainjunk/whatsapp_bot_server_withclaude/helpers/misc.js:298:26) {
  code: 'ERR_BAD_RESPONSE',
  config: {
    transitional: {
      silentJSONParsing: true,
      forcedJSONParsing: true,
      clarifyTimeoutError: false
    },
    adapter: [ 'xhr', 'http' ],
    transformRequest: [ [Function: transformRequest] ],
    transformResponse: [ [Function: transformResponse] ],
    timeout: 0,
    xsrfCookieName: 'XSRF-TOKEN',
    xsrfHeaderName: 'X-XSRF-TOKEN',
    maxContentLength: -1,
    maxBodyLength: -1,
    env: { FormData: [Function], Blob: [class Blob] },
    validateStatus: [Function: validateStatus],
    headers: Object [AxiosHeaders] {
      Accept: 'application/json, text/plain, */*',
      'Content-Type': 'application/json',
      bpid: '633229189882626',
      Authorization: 'Bearer eyJhbGciOiJIUzI1NiIsInR5cCI6IkpXVCJ9.eyJzdWIiOiJ3aGF0c2FwcF9ib3QiLCJ0ZW5hbnRfaWQiOiJhaSIsInJvbGUiOiJzeXN0ZW0iLCJ0aWVyIjoiZW50ZXJwcmlzZSIsInNjb3BlIjoic2VydmljZSIsImV4cCI6MjA1NDk3NDY2OX0.SLXxiBy00-NP9dBVcPl-9b5E0QtakNUajRKAjeXgFG8',
      'User-Agent': 'axios/1.6.7',
      'Content-Length': '35',
      'Accept-Encoding': 'gzip, compress, deflate, br'
    },
    baseURL: 'https://fastapione-gue2c5ecc9c4b8hy.centralindia-01.azurewebsites.net',
    method: 'patch',
    url: 'https://django-faecdbgwhgepemec.canadacentral-01.azurewebsites.net/update-last-seen/919643393874/delivered',
    data: '{"time":"09/01/2026, 06:47:08.643"}'
  },
  request: <ref *1> ClientRequest {
    _events: [Object: null prototype] {
      abort: [Function (anonymous)],
      aborted: [Function (anonymous)],
      connect: [Function (anonymous)],
      error: [Function (anonymous)],
      socket: [Function (anonymous)],
      timeout: [Function (anonymous)],
      finish: [Function: requestOnFinish]
    },
    _eventsCount: 7,
    _maxListeners: undefined,
    outputData: [],
    outputSize: 0,
    writable: true,
    destroyed: true,
    _last: false,
    chunkedEncoding: false,
    shouldKeepAlive: true,
    maxRequestsOnConnectionReached: false,
    _defaultKeepAlive: true,
    useChunkedEncodingByDefault: true,
    sendDate: false,
    _removedConnection: false,
    _removedContLen: false,
    _removedTE: false,
    strictContentLength: false,
    _contentLength: '35',
    _hasBody: true,
    _trailer: '',
    finished: true,
    _headerSent: true,
    _closed: true,
    socket: TLSSocket {
      _tlsOptions: [Object],
      _secureEstablished: true,
      _securePending: false,
      _newSessionPending: false,
      _controlReleased: true,
      secureConnecting: false,
      _SNICallback: null,
      servername: 'django-faecdbgwhgepemec.canadacentral-01.azurewebsites.net',
      alpnProtocol: false,
      authorized: true,
      authorizationError: null,
      encrypted: true,
      _events: [Object: null prototype],
      _eventsCount: 9,
      connecting: false,
      _hadError: false,
      _parent: null,
      _host: 'django-faecdbgwhgepemec.canadacentral-01.azurewebsites.net',
      _closeAfterHandlingError: false,
      _readableState: [ReadableState],
      _writableState: [WritableState],
      allowHalfOpen: false,
      _maxListeners: undefined,
      _sockname: null,
      _pendingData: null,
      _pendingEncoding: '',
      server: undefined,
      _server: null,
      ssl: [TLSWrap],
      _requestCert: true,
      _rejectUnauthorized: true,
      timeout: 5000,
      parser: null,
      _httpMessage: null,
      [Symbol(alpncallback)]: null,
      [Symbol(res)]: [TLSWrap],
      [Symbol(verified)]: true,
      [Symbol(pendingSession)]: null,
      [Symbol(async_id_symbol)]: -1,
      [Symbol(kHandle)]: [TLSWrap],
      [Symbol(lastWriteQueueSize)]: 0,
      [Symbol(timeout)]: Timeout {
        _idleTimeout: 5000,
        _idlePrev: [TimersList],
        _idleNext: [Timeout],
        _idleStart: 54034,
        _onTimeout: [Function: bound ],
        _timerArgs: undefined,
        _repeat: null,
        _destroyed: false,
        [Symbol(refed)]: false,
        [Symbol(kHasPrimitive)]: false,
        [Symbol(asyncId)]: 3616,
        [Symbol(triggerId)]: 3614
      },
      [Symbol(kBuffer)]: null,
      [Symbol(kBufferCb)]: null,
      [Symbol(kBufferGen)]: null,
      [Symbol(shapeMode)]: true,
      [Symbol(kCapture)]: false,
      [Symbol(kSetNoDelay)]: false,
      [Symbol(kSetKeepAlive)]: true,
      [Symbol(kSetKeepAliveInitialDelay)]: 1,
      [Symbol(kBytesRead)]: 0,
      [Symbol(kBytesWritten)]: 0,
      [Symbol(connect-options)]: [Object]
    },
    _header: 'PATCH /update-last-seen/919643393874/delivered HTTP/1.1\r\n' +
      'Accept: application/json, text/plain, */*\r\n' +
      'Content-Type: application/json\r\n' +
      'bpid: 633229189882626\r\n' +
      'Authorization: Bearer eyJhbGciOiJIUzI1NiIsInR5cCI6IkpXVCJ9.eyJzdWIiOiJ3aGF0c2FwcF9ib3QiLCJ0ZW5hbnRfaWQiOiJhaSIsInJvbGUiOiJzeXN0ZW0iLCJ0aWVyIjoiZW50ZXJwcmlzZSIsInNjb3BlIjoic2VydmljZSIsImV4cCI6MjA1NDk3NDY2OX0.SLXxiBy00-NP9dBVcPl-9b5E0QtakNUajRKAjeXgFG8\r\n' +
      'User-Agent: axios/1.6.7\r\n' +
      'Content-Length: 35\r\n' +
      'Accept-Encoding: gzip, compress, deflate, br\r\n' +
      'Host: django-faecdbgwhgepemec.canadacentral-01.azurewebsites.net\r\n' +
      'Connection: keep-alive\r\n' +
      '\r\n',
    _keepAliveTimeout: 0,
    _onPendingData: [Function: nop],
    agent: Agent {
      _events: [Object: null prototype],
      _eventsCount: 2,
      _maxListeners: undefined,
      defaultPort: 443,
      protocol: 'https:',
      options: [Object: null prototype],
      requests: [Object: null prototype] {},
      sockets: [Object: null prototype],
      freeSockets: [Object: null prototype],
      keepAliveMsecs: 1000,
      keepAlive: true,
      maxSockets: Infinity,
      maxFreeSockets: 256,
      scheduling: 'lifo',
      maxTotalSockets: Infinity,
      totalSocketCount: 5,
      maxCachedSessions: 100,
      _sessionCache: [Object],
      [Symbol(shapeMode)]: false,
      [Symbol(kCapture)]: false
    },
    socketPath: undefined,
    method: 'PATCH',
    maxHeaderSize: undefined,
    insecureHTTPParser: undefined,
    joinDuplicateHeaders: undefined,
    path: '/update-last-seen/919643393874/delivered',
    _ended: true,
    res: IncomingMessage {
      _events: [Object],
      _readableState: [ReadableState],
      _maxListeners: undefined,
      socket: null,
      httpVersionMajor: 1,
      httpVersionMinor: 1,
      httpVersion: '1.1',
      complete: true,
      rawHeaders: [Array],
      rawTrailers: [],
      joinDuplicateHeaders: undefined,
      aborted: false,
      upgrade: false,
      url: '',
      method: null,
      statusCode: 500,
      statusMessage: 'Internal Server Error',
      client: [TLSSocket],
      _consuming: false,
      _dumped: false,
      req: [Circular *1],
      _eventsCount: 4,
      responseUrl: 'https://django-faecdbgwhgepemec.canadacentral-01.azurewebsites.net/update-last-seen/919643393874/delivered',
      redirects: [],
      [Symbol(shapeMode)]: true,
      [Symbol(kCapture)]: false,
      [Symbol(kHeaders)]: [Object],
      [Symbol(kHeadersCount)]: 18,
      [Symbol(kTrailers)]: null,
      [Symbol(kTrailersCount)]: 0
    },
    aborted: false,
    timeoutCb: null,
    upgradeOrConnect: false,
    parser: null,
    maxHeadersCount: null,
    reusedSocket: false,
    host: 'django-faecdbgwhgepemec.canadacentral-01.azurewebsites.net',
    protocol: 'https:',
    _redirectable: Writable {
      _events: [Object],
      _writableState: [WritableState],
      _maxListeners: undefined,
      _options: [Object],
      _ended: true,
      _ending: true,
      _redirectCount: 0,
      _redirects: [],
      _requestBodyLength: 35,
      _requestBodyBuffers: [],
      _eventsCount: 3,
      _onNativeResponse: [Function (anonymous)],
      _currentRequest: [Circular *1],
      _currentUrl: 'https://django-faecdbgwhgepemec.canadacentral-01.azurewebsites.net/update-last-seen/919643393874/delivered',
      [Symbol(shapeMode)]: true,
      [Symbol(kCapture)]: false
    },
    [Symbol(shapeMode)]: false,
    [Symbol(kCapture)]: false,
    [Symbol(kBytesWritten)]: 0,
    [Symbol(kNeedDrain)]: false,
    [Symbol(corked)]: 0,
    [Symbol(kOutHeaders)]: [Object: null prototype] {
      accept: [Array],
      'content-type': [Array],
      bpid: [Array],
      authorization: [Array],
      'user-agent': [Array],
      'content-length': [Array],
      'accept-encoding': [Array],
      host: [Array]
    },
    [Symbol(errored)]: null,
    [Symbol(kHighWaterMark)]: 16384,
    [Symbol(kRejectNonStandardBodyWrites)]: false,
    [Symbol(kUniqueHeaders)]: null
  },
  response: {
    status: 500,
    statusText: 'Internal Server Error',
    headers: Object [AxiosHeaders] {
      'content-length': '126',
      'content-type': 'application/json',
      date: 'Fri, 09 Jan 2026 01:17:09 GMT',
      server: 'gunicorn',
      vary: 'origin',
      'x-frame-options': 'DENY',
      'x-content-type-options': 'nosniff',
      'referrer-policy': 'same-origin',
      'cross-origin-opener-policy': 'same-origin'
    },
    config: {
      transitional: [Object],
      adapter: [Array],
      transformRequest: [Array],
      transformResponse: [Array],
      timeout: 0,
      xsrfCookieName: 'XSRF-TOKEN',
      xsrfHeaderName: 'X-XSRF-TOKEN',
      maxContentLength: -1,
      maxBodyLength: -1,
      env: [Object],
      validateStatus: [Function: validateStatus],
      headers: [Object [AxiosHeaders]],
      baseURL: 'https://fastapione-gue2c5ecc9c4b8hy.centralindia-01.azurewebsites.net',
      method: 'patch',
      url: 'https://django-faecdbgwhgepemec.canadacentral-01.azurewebsites.net/update-last-seen/919643393874/delivered',
      data: '{"time":"09/01/2026, 06:47:08.643"}'
    },
    request: <ref *1> ClientRequest {
      _events: [Object: null prototype],
      _eventsCount: 7,
      _maxListeners: undefined,
      outputData: [],
      outputSize: 0,
      writable: true,
      destroyed: true,
      _last: false,
      chunkedEncoding: false,
      shouldKeepAlive: true,
      maxRequestsOnConnectionReached: false,
      _defaultKeepAlive: true,
      useChunkedEncodingByDefault: true,
      sendDate: false,
      _removedConnection: false,
      _removedContLen: false,
      _removedTE: false,
      strictContentLength: false,
      _contentLength: '35',
      _hasBody: true,
      _trailer: '',
      finished: true,
      _headerSent: true,
      _closed: true,
      socket: [TLSSocket],
      _header: 'PATCH /update-last-seen/919643393874/delivered HTTP/1.1\r\n' +
        'Accept: application/json, text/plain, */*\r\n' +
        'Content-Type: application/json\r\n' +
        'bpid: 633229189882626\r\n' +
        'Authorization: Bearer eyJhbGciOiJIUzI1NiIsInR5cCI6IkpXVCJ9.eyJzdWIiOiJ3aGF0c2FwcF9ib3QiLCJ0ZW5hbnRfaWQiOiJhaSIsInJvbGUiOiJzeXN0ZW0iLCJ0aWVyIjoiZW50ZXJwcmlzZSIsInNjb3BlIjoic2VydmljZSIsImV4cCI6MjA1NDk3NDY2OX0.SLXxiBy00-NP9dBVcPl-9b5E0QtakNUajRKAjeXgFG8\r\n' +
        'User-Agent: axios/1.6.7\r\n' +
        'Content-Length: 35\r\n' +
        'Accept-Encoding: gzip, compress, deflate, br\r\n' +
        'Host: django-faecdbgwhgepemec.canadacentral-01.azurewebsites.net\r\n' +
        'Connection: keep-alive\r\n' +
        '\r\n',
      _keepAliveTimeout: 0,
      _onPendingData: [Function: nop],
      agent: [Agent],
      socketPath: undefined,
      method: 'PATCH',
      maxHeaderSize: undefined,
      insecureHTTPParser: undefined,
      joinDuplicateHeaders: undefined,
      path: '/update-last-seen/919643393874/delivered',
      _ended: true,
      res: [IncomingMessage],
      aborted: false,
      timeoutCb: null,
      upgradeOrConnect: false,
      parser: null,
      maxHeadersCount: null,
      reusedSocket: false,
      host: 'django-faecdbgwhgepemec.canadacentral-01.azurewebsites.net',
      protocol: 'https:',
      _redirectable: [Writable],
      [Symbol(shapeMode)]: false,
      [Symbol(kCapture)]: false,
      [Symbol(kBytesWritten)]: 0,
      [Symbol(kNeedDrain)]: false,
      [Symbol(corked)]: 0,
      [Symbol(kOutHeaders)]: [Object: null prototype],
      [Symbol(errored)]: null,
      [Symbol(kHighWaterMark)]: 16384,
      [Symbol(kRejectNonStandardBodyWrites)]: false,
      [Symbol(kUniqueHeaders)]: null
    },
    data: {
      error: 'Internal server error',
      details: 'FATAL:  remaining connection slots are reserved for azure replication users\n'
    }
  }
}
Γ¥î Database query error: error: relation "message_events" does not exist
    at C:\Users\Adarsh\MyProject\Deployed_Finals\djangobackendaug2025\whatsapp_latest_final-mainjunk\whatsapp_bot_server_withclaude\node_modules\pg-pool\index.js:45:11
    at process.processTicksAndRejections (node:internal/process/task_queues:95:5)
    at async query (file:///C:/Users/Adarsh/MyProject/Deployed_Finals/djangobackendaug2025/whatsapp_latest_final-mainjunk/whatsapp_bot_server_withclaude/analytics/db.js:37:17)
    at async updateMessageEvent (file:///C:/Users/Adarsh/MyProject/Deployed_Finals/djangobackendaug2025/whatsapp_latest_final-mainjunk/whatsapp_bot_server_withclaude/analytics/tracker.js:95:20)
    at async trackMessageStatus (file:///C:/Users/Adarsh/MyProject/Deployed_Finals/djangobackendaug2025/whatsapp_latest_final-mainjunk/whatsapp_bot_server_withclaude/analytics/tracker.js:152:5)
    at async file:///C:/Users/Adarsh/MyProject/Deployed_Finals/djangobackendaug2025/whatsapp_latest_final-mainjunk/whatsapp_bot_server_withclaude/routes/webhookRoute.js:712:11 {
  length: 113,
  severity: 'ERROR',
  code: '42P01',
  detail: undefined,
  hint: undefined,
  position: '13',
  internalPosition: undefined,
  internalQuery: undefined,
  where: undefined,
  schema: undefined,
  table: undefined,
  column: undefined,
  dataType: undefined,
  constraint: undefined,
  file: 'parse_relation.c',
  line: '1180',
  routine: 'parserOpenTable'
}
Γ¥î [Analytics] Error updating message event: error: relation "message_events" does not exist
    at C:\Users\Adarsh\MyProject\Deployed_Finals\djangobackendaug2025\whatsapp_latest_final-mainjunk\whatsapp_bot_server_withclaude\node_modules\pg-pool\index.js:45:11
    at process.processTicksAndRejections (node:internal/process/task_queues:95:5)
    at async query (file:///C:/Users/Adarsh/MyProject/Deployed_Finals/djangobackendaug2025/whatsapp_latest_final-mainjunk/whatsapp_bot_server_withclaude/analytics/db.js:37:17)
    at async updateMessageEvent (file:///C:/Users/Adarsh/MyProject/Deployed_Finals/djangobackendaug2025/whatsapp_latest_final-mainjunk/whatsapp_bot_server_withclaude/analytics/tracker.js:95:20)
    at async trackMessageStatus (file:///C:/Users/Adarsh/MyProject/Deployed_Finals/djangobackendaug2025/whatsapp_latest_final-mainjunk/whatsapp_bot_server_withclaude/analytics/tracker.js:152:5)
    at async file:///C:/Users/Adarsh/MyProject/Deployed_Finals/djangobackendaug2025/whatsapp_latest_final-mainjunk/whatsapp_bot_server_withclaude/routes/webhookRoute.js:712:11 {
  length: 113,
  severity: 'ERROR',
  code: '42P01',
  detail: undefined,
  hint: undefined,
  position: '13',
  internalPosition: undefined,
  internalQuery: undefined,
  where: undefined,
  schema: undefined,
  table: undefined,
  column: undefined,
  dataType: undefined,
  constraint: undefined,
  file: 'parse_relation.c',
  line: '1180',
  routine: 'parserOpenTable'
}
Γ£à Analytics database connected
Γ¥î Database query error: error: relation "message_events" does not exist
    at C:\Users\Adarsh\MyProject\Deployed_Finals\djangobackendaug2025\whatsapp_latest_final-mainjunk\whatsapp_bot_server_withclaude\node_modules\pg-pool\index.js:45:11
    at process.processTicksAndRejections (node:internal/process/task_queues:95:5)
    at async query (file:///C:/Users/Adarsh/MyProject/Deployed_Finals/djangobackendaug2025/whatsapp_latest_final-mainjunk/whatsapp_bot_server_withclaude/analytics/db.js:37:17)
    at async updateMessageEvent (file:///C:/Users/Adarsh/MyProject/Deployed_Finals/djangobackendaug2025/whatsapp_latest_final-mainjunk/whatsapp_bot_server_withclaude/analytics/tracker.js:95:20)
    at async trackMessageStatus (file:///C:/Users/Adarsh/MyProject/Deployed_Finals/djangobackendaug2025/whatsapp_latest_final-mainjunk/whatsapp_bot_server_withclaude/analytics/tracker.js:152:5)
    at async file:///C:/Users/Adarsh/MyProject/Deployed_Finals/djangobackendaug2025/whatsapp_latest_final-mainjunk/whatsapp_bot_server_withclaude/routes/webhookRoute.js:694:11 {
  length: 113,
  severity: 'ERROR',
  code: '42P01',
  detail: undefined,
  hint: undefined,
  position: '13',
  internalPosition: undefined,
  internalQuery: undefined,
  where: undefined,
  schema: undefined,
  table: undefined,
  column: undefined,
  dataType: undefined,
  constraint: undefined,
  file: 'parse_relation.c',
  line: '1180',
  routine: 'parserOpenTable'
}
Γ¥î [Analytics] Error updating message event: error: relation "message_events" does not exist
    at C:\Users\Adarsh\MyProject\Deployed_Finals\djangobackendaug2025\whatsapp_latest_final-mainjunk\whatsapp_bot_server_withclaude\node_modules\pg-pool\index.js:45:11
    at process.processTicksAndRejections (node:internal/process/task_queues:95:5)
    at async query (file:///C:/Users/Adarsh/MyProject/Deployed_Finals/djangobackendaug2025/whatsapp_latest_final-mainjunk/whatsapp_bot_server_withclaude/analytics/db.js:37:17)
    at async updateMessageEvent (file:///C:/Users/Adarsh/MyProject/Deployed_Finals/djangobackendaug2025/whatsapp_latest_final-mainjunk/whatsapp_bot_server_withclaude/analytics/tracker.js:95:20)
    at async trackMessageStatus (file:///C:/Users/Adarsh/MyProject/Deployed_Finals/djangobackendaug2025/whatsapp_latest_final-mainjunk/whatsapp_bot_server_withclaude/analytics/tracker.js:152:5)
    at async file:///C:/Users/Adarsh/MyProject/Deployed_Finals/djangobackendaug2025/whatsapp_latest_final-mainjunk/whatsapp_bot_server_withclaude/routes/webhookRoute.js:694:11 {
  length: 113,
  severity: 'ERROR',
  code: '42P01',
  detail: undefined,
  hint: undefined,
  position: '13',
  internalPosition: undefined,
  internalQuery: undefined,
  where: undefined,
  schema: undefined,
  table: undefined,
  column: undefined,
  dataType: undefined,
  constraint: undefined,
  file: 'parse_relation.c',
  line: '1180',
  routine: 'parserOpenTable'
}
recieved n8n response
Sending message to: 919643393874
Failed to send message: Cannot create property 'messaging_product' on string ''
Message sent successfully
customint advanced from node to 24, session saved
Current Node:  24  | Flow Version: 1
flowlfolwolfowl:  {
  id: 24,
  body: 'ΓÜá∩╕Å Once you place the order, you canΓÇÖt add or remove items.\n' +
    'Please make sure your cart is final.',
  type: 'string'
}
message b4 replacement:  ΓÜá∩╕Å Once you place the order, you canΓÇÖt add or remove items.
Please make sure your cart is final.
MEssage after replacing:  ΓÜá∩╕Å Once you place the order, you canΓÇÖt add or remove items.
Please make sure your cart is final.
cCess:token:  EAAVZBobCt7AcBO2GUmdSAwUj1kvGqVDyZBhKvf7teV8DfjIrHUhI8jZC7VOz2BSLHy4MjALe73DRmFBFpNzkCoVONSpof4cERZBM7zx26nZAYRbslYmZAv03comASiVh33o5ZCesZBC8Vh6vfpupM5ekcLP25ncpPZAxZCZAoe7yrnwNx2WImjdtpxLM8SG5wBKUxCOH5U50kXDSB1PYdEiYh70sXw1vBKpsuDPc22JhbAoOkCskprNAPGurHlPj13z
Sending message to: 919643393874
Sending Message

----- OUTGOING REQUEST -----
URL: https://graph.facebook.com/v18.0/633229189882626/messages
METHOD: POST
HEADERS SENT: Object [AxiosHeaders] {
  Accept: 'application/json, text/plain, */*',
  'Content-Type': undefined,
  Authorization: 'Bearer EAAVZBobCt7AcBO2GUmdSAwUj1kvGqVDyZBhKvf7teV8DfjIrHUhI8jZC7VOz2BSLHy4MjALe73DRmFBFpNzkCoVONSpof4cERZBM7zx26nZAYRbslYmZAv03comASiVh33o5ZCesZBC8Vh6vfpupM5ekcLP25ncpPZAxZCZAoe7yrnwNx2WImjdtpxLM8SG5wBKUxCOH5U50kXDSB1PYdEiYh70sXw1vBKpsuDPc22JhbAoOkCskprNAPGurHlPj13z'
}
-----------------------------

Γ£à Analytics database connected
Γ¥î Database query error: error: relation "message_events" does not exist
    at C:\Users\Adarsh\MyProject\Deployed_Finals\djangobackendaug2025\whatsapp_latest_final-mainjunk\whatsapp_bot_server_withclaude\node_modules\pg-pool\index.js:45:11
    at process.processTicksAndRejections (node:internal/process/task_queues:95:5)
    at async query (file:///C:/Users/Adarsh/MyProject/Deployed_Finals/djangobackendaug2025/whatsapp_latest_final-mainjunk/whatsapp_bot_server_withclaude/analytics/db.js:37:17)
    at async trackMessageStatus (file:///C:/Users/Adarsh/MyProject/Deployed_Finals/djangobackendaug2025/whatsapp_latest_final-mainjunk/whatsapp_bot_server_withclaude/analytics/tracker.js:155:26)
    at async file:///C:/Users/Adarsh/MyProject/Deployed_Finals/djangobackendaug2025/whatsapp_latest_final-mainjunk/whatsapp_bot_server_withclaude/routes/webhookRoute.js:712:11 {
  length: 113,
  severity: 'ERROR',
  code: '42P01',
  detail: undefined,
  hint: undefined,
  position: '23',
  internalPosition: undefined,
  internalQuery: undefined,
  where: undefined,
  schema: undefined,
  table: undefined,
  column: undefined,
  dataType: undefined,
  constraint: undefined,
  file: 'parse_relation.c',
  line: '1180',
  routine: 'parserOpenTable'
}
Γ¥î [Analytics] Error tracking message status: error: relation "message_events" does not exist
    at C:\Users\Adarsh\MyProject\Deployed_Finals\djangobackendaug2025\whatsapp_latest_final-mainjunk\whatsapp_bot_server_withclaude\node_modules\pg-pool\index.js:45:11
    at process.processTicksAndRejections (node:internal/process/task_queues:95:5)
    at async query (file:///C:/Users/Adarsh/MyProject/Deployed_Finals/djangobackendaug2025/whatsapp_latest_final-mainjunk/whatsapp_bot_server_withclaude/analytics/db.js:37:17)
    at async trackMessageStatus (file:///C:/Users/Adarsh/MyProject/Deployed_Finals/djangobackendaug2025/whatsapp_latest_final-mainjunk/whatsapp_bot_server_withclaude/analytics/tracker.js:155:26)
    at async file:///C:/Users/Adarsh/MyProject/Deployed_Finals/djangobackendaug2025/whatsapp_latest_final-mainjunk/whatsapp_bot_server_withclaude/routes/webhookRoute.js:712:11 {
  length: 113,
  severity: 'ERROR',
  code: '42P01',
  detail: undefined,
  hint: undefined,
  position: '23',
  internalPosition: undefined,
  internalQuery: undefined,
  where: undefined,
  schema: undefined,
  table: undefined,
  column: undefined,
  dataType: undefined,
  constraint: undefined,
  file: 'parse_relation.c',
  line: '1180',
  routine: 'parserOpenTable'
}
Webhook Processing Complete
Webhook Processing Start
Γ£à Webhook signature validated successfully
Webhook Processing Complete
Message sent successfully: {
  messaging_product: 'whatsapp',
  contacts: [ { input: '919643393874', wa_id: '919643393874' } ],
  messages: [
    {
      id: 'wamid.HBgMOTE5NjQzMzkzODc0FQIAERgSRTI0MzI1MzQ0MTdCNjlDMkRFAA=='
    }
  ]
}
Tenant sent in send-message:  ecdayvn
Γ£à Analytics database connected
Γ¥î Database query error: error: relation "message_events" does not exist
    at C:\Users\Adarsh\MyProject\Deployed_Finals\djangobackendaug2025\whatsapp_latest_final-mainjunk\whatsapp_bot_server_withclaude\node_modules\pg-pool\index.js:45:11
    at process.processTicksAndRejections (node:internal/process/task_queues:95:5)
    at async query (file:///C:/Users/Adarsh/MyProject/Deployed_Finals/djangobackendaug2025/whatsapp_latest_final-mainjunk/whatsapp_bot_server_withclaude/analytics/db.js:37:17)
    at async trackMessageStatus (file:///C:/Users/Adarsh/MyProject/Deployed_Finals/djangobackendaug2025/whatsapp_latest_final-mainjunk/whatsapp_bot_server_withclaude/analytics/tracker.js:155:26)
    at async file:///C:/Users/Adarsh/MyProject/Deployed_Finals/djangobackendaug2025/whatsapp_latest_final-mainjunk/whatsapp_bot_server_withclaude/routes/webhookRoute.js:694:11 {
  length: 113,
  severity: 'ERROR',
  code: '42P01',
  detail: undefined,
  hint: undefined,
  position: '23',
  internalPosition: undefined,
  internalQuery: undefined,
  where: undefined,
  schema: undefined,
  table: undefined,
  column: undefined,
  dataType: undefined,
  constraint: undefined,
  file: 'parse_relation.c',
  line: '1180',
  routine: 'parserOpenTable'
}
Γ¥î [Analytics] Error tracking message status: error: relation "message_events" does not exist
    at C:\Users\Adarsh\MyProject\Deployed_Finals\djangobackendaug2025\whatsapp_latest_final-mainjunk\whatsapp_bot_server_withclaude\node_modules\pg-pool\index.js:45:11
    at process.processTicksAndRejections (node:internal/process/task_queues:95:5)
    at async query (file:///C:/Users/Adarsh/MyProject/Deployed_Finals/djangobackendaug2025/whatsapp_latest_final-mainjunk/whatsapp_bot_server_withclaude/analytics/db.js:37:17)
    at async trackMessageStatus (file:///C:/Users/Adarsh/MyProject/Deployed_Finals/djangobackendaug2025/whatsapp_latest_final-mainjunk/whatsapp_bot_server_withclaude/analytics/tracker.js:155:26)
    at async file:///C:/Users/Adarsh/MyProject/Deployed_Finals/djangobackendaug2025/whatsapp_latest_final-mainjunk/whatsapp_bot_server_withclaude/routes/webhookRoute.js:694:11 {
  length: 113,
  severity: 'ERROR',
  code: '42P01',
  detail: undefined,
  hint: undefined,
  position: '23',
  internalPosition: undefined,
  internalQuery: undefined,
  where: undefined,
  schema: undefined,
  table: undefined,
  column: undefined,
  dataType: undefined,
  constraint: undefined,
  file: 'parse_relation.c',
  line: '1180',
  routine: 'parserOpenTable'
}
Webhook Processing Complete
Webhook Processing Start
Γ£à Webhook signature validated successfully
Delivered:  919643393874

----- OUTGOING REQUEST -----
URL: https://django-faecdbgwhgepemec.canadacentral-01.azurewebsites.net/individual_message_statistics/
METHOD: POST
HEADERS SENT: Object [AxiosHeaders] {
  Accept: 'application/json, text/plain, */*',
  'Content-Type': undefined,
  bpid: '633229189882626',
  Authorization: 'Bearer eyJhbGciOiJIUzI1NiIsInR5cCI6IkpXVCJ9.eyJzdWIiOiJ3aGF0c2FwcF9ib3QiLCJ0ZW5hbnRfaWQiOiJhaSIsInJvbGUiOiJzeXN0ZW0iLCJ0aWVyIjoiZW50ZXJwcmlzZSIsInNjb3BlIjoic2VydmljZSIsImV4cCI6MjA1NDk3NDY2OX0.SLXxiBy00-NP9dBVcPl-9b5E0QtakNUajRKAjeXgFG8'
}
-----------------------------


----- OUTGOING REQUEST -----
URL: https://django-faecdbgwhgepemec.canadacentral-01.azurewebsites.net/update-last-seen/919643393874/delivered
METHOD: PATCH
HEADERS SENT: Object [AxiosHeaders] {
  Accept: 'application/json, text/plain, */*',
  'Content-Type': undefined,
  bpid: '633229189882626',
  Authorization: 'Bearer eyJhbGciOiJIUzI1NiIsInR5cCI6IkpXVCJ9.eyJzdWIiOiJ3aGF0c2FwcF9ib3QiLCJ0ZW5hbnRfaWQiOiJhaSIsInJvbGUiOiJzeXN0ZW0iLCJ0aWVyIjoiZW50ZXJwcmlzZSIsInNjb3BlIjoic2VydmljZSIsImV4cCI6MjA1NDk3NDY2OX0.SLXxiBy00-NP9dBVcPl-9b5E0QtakNUajRKAjeXgFG8'
}
-----------------------------

Webhook Processing Start
Γ£à Webhook signature validated successfully

----- OUTGOING REQUEST -----
URL: https://django-faecdbgwhgepemec.canadacentral-01.azurewebsites.net/individual_message_statistics/
METHOD: POST
HEADERS SENT: Object [AxiosHeaders] {
  Accept: 'application/json, text/plain, */*',
  'Content-Type': undefined,
  bpid: '633229189882626',
  Authorization: 'Bearer eyJhbGciOiJIUzI1NiIsInR5cCI6IkpXVCJ9.eyJzdWIiOiJ3aGF0c2FwcF9ib3QiLCJ0ZW5hbnRfaWQiOiJhaSIsInJvbGUiOiJzeXN0ZW0iLCJ0aWVyIjoiZW50ZXJwcmlzZSIsInNjb3BlIjoic2VydmljZSIsImV4cCI6MjA1NDk3NDY2OX0.SLXxiBy00-NP9dBVcPl-9b5E0QtakNUajRKAjeXgFG8'
}
-----------------------------


----- OUTGOING REQUEST -----
URL: https://django-faecdbgwhgepemec.canadacentral-01.azurewebsites.net/update-last-seen/919643393874/seen
METHOD: PATCH
HEADERS SENT: Object [AxiosHeaders] {
  Accept: 'application/json, text/plain, */*',
  'Content-Type': undefined,
  bpid: '633229189882626',
  Authorization: 'Bearer eyJhbGciOiJIUzI1NiIsInR5cCI6IkpXVCJ9.eyJzdWIiOiJ3aGF0c2FwcF9ib3QiLCJ0ZW5hbnRfaWQiOiJhaSIsInJvbGUiOiJzeXN0ZW0iLCJ0aWVyIjoiZW50ZXJwcmlzZSIsInNjb3BlIjoic2VydmljZSIsImV4cCI6MjA1NDk3NDY2OX0.SLXxiBy00-NP9dBVcPl-9b5E0QtakNUajRKAjeXgFG8'
}
-----------------------------

Response updating last seen:  { success: true, message: 'Update accepted' }
Webhook Processing Start
Γ£à Webhook signature validated successfully
Webhook Processing Complete
ΓÜá∩╕Å  Redis not available - getTemplateName called in local mode
Response updating last seen:  { success: true, message: 'Update accepted' }
Γ£à Analytics database connected
Γ¥î Database query error: error: relation "message_events" does not exist
    at C:\Users\Adarsh\MyProject\Deployed_Finals\djangobackendaug2025\whatsapp_latest_final-mainjunk\whatsapp_bot_server_withclaude\node_modules\pg-pool\index.js:45:11
    at process.processTicksAndRejections (node:internal/process/task_queues:95:5)
    at async query (file:///C:/Users/Adarsh/MyProject/Deployed_Finals/djangobackendaug2025/whatsapp_latest_final-mainjunk/whatsapp_bot_server_withclaude/analytics/db.js:37:17)
    at async trackMessageSend (file:///C:/Users/Adarsh/MyProject/Deployed_Finals/djangobackendaug2025/whatsapp_latest_final-mainjunk/whatsapp_bot_server_withclaude/analytics/tracker.js:49:20)
    at async sendMessage (file:///C:/Users/Adarsh/MyProject/Deployed_Finals/djangobackendaug2025/whatsapp_latest_final-mainjunk/whatsapp_bot_server_withclaude/send-message.js:48:17)
    at async processNodeLegacy (file:///C:/Users/Adarsh/MyProject/Deployed_Finals/djangobackendaug2025/whatsapp_latest_final-mainjunk/whatsapp_bot_server_withclaude/mainwebhook/snm.js:469:17)
    at async sendNodeMessage (file:///C:/Users/Adarsh/MyProject/Deployed_Finals/djangobackendaug2025/whatsapp_latest_final-mainjunk/whatsapp_bot_server_withclaude/mainwebhook/snm.js:260:13)
    at async processNodeLegacy (file:///C:/Users/Adarsh/MyProject/Deployed_Finals/djangobackendaug2025/whatsapp_latest_final-mainjunk/whatsapp_bot_server_withclaude/mainwebhook/snm.js:662:25)
    at async sendNodeMessage (file:///C:/Users/Adarsh/MyProject/Deployed_Finals/djangobackendaug2025/whatsapp_latest_final-mainjunk/whatsapp_bot_server_withclaude/mainwebhook/snm.js:260:13) {
  length: 113,
  severity: 'ERROR',
  code: '42P01',
  detail: undefined,
  hint: undefined,
  position: '20',
  internalPosition: undefined,
  internalQuery: undefined,
  where: undefined,
  schema: undefined,
  table: undefined,
  column: undefined,
  dataType: undefined,
  constraint: undefined,
  file: 'parse_relation.c',
  line: '1180',
  routine: 'parserOpenTable'
}
Γ¥î [Analytics] Error tracking message send: error: relation "message_events" does not exist
    at C:\Users\Adarsh\MyProject\Deployed_Finals\djangobackendaug2025\whatsapp_latest_final-mainjunk\whatsapp_bot_server_withclaude\node_modules\pg-pool\index.js:45:11
    at process.processTicksAndRejections (node:internal/process/task_queues:95:5)
    at async query (file:///C:/Users/Adarsh/MyProject/Deployed_Finals/djangobackendaug2025/whatsapp_latest_final-mainjunk/whatsapp_bot_server_withclaude/analytics/db.js:37:17)
    at async trackMessageSend (file:///C:/Users/Adarsh/MyProject/Deployed_Finals/djangobackendaug2025/whatsapp_latest_final-mainjunk/whatsapp_bot_server_withclaude/analytics/tracker.js:49:20)
    at async sendMessage (file:///C:/Users/Adarsh/MyProject/Deployed_Finals/djangobackendaug2025/whatsapp_latest_final-mainjunk/whatsapp_bot_server_withclaude/send-message.js:48:17)
    at async processNodeLegacy (file:///C:/Users/Adarsh/MyProject/Deployed_Finals/djangobackendaug2025/whatsapp_latest_final-mainjunk/whatsapp_bot_server_withclaude/mainwebhook/snm.js:469:17)
    at async sendNodeMessage (file:///C:/Users/Adarsh/MyProject/Deployed_Finals/djangobackendaug2025/whatsapp_latest_final-mainjunk/whatsapp_bot_server_withclaude/mainwebhook/snm.js:260:13)
    at async processNodeLegacy (file:///C:/Users/Adarsh/MyProject/Deployed_Finals/djangobackendaug2025/whatsapp_latest_final-mainjunk/whatsapp_bot_server_withclaude/mainwebhook/snm.js:662:25)
    at async sendNodeMessage (file:///C:/Users/Adarsh/MyProject/Deployed_Finals/djangobackendaug2025/whatsapp_latest_final-mainjunk/whatsapp_bot_server_withclaude/mainwebhook/snm.js:260:13) {
  length: 113,
  severity: 'ERROR',
  code: '42P01',
  detail: undefined,
  hint: undefined,
  position: '20',
  internalPosition: undefined,
  internalQuery: undefined,
  where: undefined,
  schema: undefined,
  table: undefined,
  column: undefined,
  dataType: undefined,
  constraint: undefined,
  file: 'parse_relation.c',
  line: '1180',
  routine: 'parserOpenTable'
}
Emitted Node Message

----- OUTGOING REQUEST -----
URL: https://django-faecdbgwhgepemec.canadacentral-01.azurewebsites.net/whatsapp_convo_post/919643393874/?source=whatsapp
METHOD: POST
HEADERS SENT: Object [AxiosHeaders] {
  Accept: 'application/json, text/plain, */*',
  'Content-Type': 'application/json',
  'X-Tenant-Id': 'ecdayvn',
  Authorization: 'Bearer eyJhbGciOiJIUzI1NiIsInR5cCI6IkpXVCJ9.eyJzdWIiOiJ3aGF0c2FwcF9ib3QiLCJ0ZW5hbnRfaWQiOiJhaSIsInJvbGUiOiJzeXN0ZW0iLCJ0aWVyIjoiZW50ZXJwcmlzZSIsInNjb3BlIjoic2VydmljZSIsImV4cCI6MjA1NDk3NDY2OX0.SLXxiBy00-NP9dBVcPl-9b5E0QtakNUajRKAjeXgFG8'
}
-----------------------------

string currNode:  21
Current Node:  21  | Flow Version: 1
flowlfolwolfowl:  { id: 21, body: 'delay', type: 'customint' }
Updated Current Node:  21

----- OUTGOING REQUEST -----
URL: https://nurenaiautomatic-b7hmdnb4fzbpbtbh.canadacentral-01.azurewebsites.net/webhook/ecdayvn
METHOD: POST
HEADERS SENT: Object [AxiosHeaders] {
  Accept: 'application/json, text/plain, */*',
  'Content-Type': 'application/json',
  Authorization: 'Bearer EAAVZBobCt7AcBO2GUmdSAwUj1kvGqVDyZBhKvf7teV8DfjIrHUhI8jZC7VOz2BSLHy4MjALe73DRmFBFpNzkCoVONSpof4cERZBM7zx26nZAYRbslYmZAv03comASiVh33o5ZCesZBC8Vh6vfpupM5ekcLP25ncpPZAxZCZAoe7yrnwNx2WImjdtpxLM8SG5wBKUxCOH5U50kXDSB1PYdEiYh70sXw1vBKpsuDPc22JhbAoOkCskprNAPGurHlPj13z'
}
-----------------------------

Updated Current Node:  24
Webhook Processing Start
Γ£à Webhook signature validated successfully

----- OUTGOING REQUEST -----
URL: https://django-faecdbgwhgepemec.canadacentral-01.azurewebsites.net/individual_message_statistics/
METHOD: POST
HEADERS SENT: Object [AxiosHeaders] {
  Accept: 'application/json, text/plain, */*',
  'Content-Type': undefined,
  bpid: '633229189882626',
  Authorization: 'Bearer eyJhbGciOiJIUzI1NiIsInR5cCI6IkpXVCJ9.eyJzdWIiOiJ3aGF0c2FwcF9ib3QiLCJ0ZW5hbnRfaWQiOiJhaSIsInJvbGUiOiJzeXN0ZW0iLCJ0aWVyIjoiZW50ZXJwcmlzZSIsInNjb3BlIjoic2VydmljZSIsImV4cCI6MjA1NDk3NDY2OX0.SLXxiBy00-NP9dBVcPl-9b5E0QtakNUajRKAjeXgFG8'
}
-----------------------------


----- OUTGOING REQUEST -----
URL: https://django-faecdbgwhgepemec.canadacentral-01.azurewebsites.net/update-last-seen/919643393874/seen
METHOD: PATCH
HEADERS SENT: Object [AxiosHeaders] {
  Accept: 'application/json, text/plain, */*',
  'Content-Type': undefined,
  bpid: '633229189882626',
  Authorization: 'Bearer eyJhbGciOiJIUzI1NiIsInR5cCI6IkpXVCJ9.eyJzdWIiOiJ3aGF0c2FwcF9ib3QiLCJ0ZW5hbnRfaWQiOiJhaSIsInJvbGUiOiJzeXN0ZW0iLCJ0aWVyIjoiZW50ZXJwcmlzZSIsInNjb3BlIjoic2VydmljZSIsImV4cCI6MjA1NDk3NDY2OX0.SLXxiBy00-NP9dBVcPl-9b5E0QtakNUajRKAjeXgFG8'
}
-----------------------------

Webhook Processing Start
Γ£à Webhook signature validated successfully
Delivered:  919643393874

----- OUTGOING REQUEST -----
URL: https://django-faecdbgwhgepemec.canadacentral-01.azurewebsites.net/individual_message_statistics/
METHOD: POST
HEADERS SENT: Object [AxiosHeaders] {
  Accept: 'application/json, text/plain, */*',
  'Content-Type': undefined,
  bpid: '633229189882626',
  Authorization: 'Bearer eyJhbGciOiJIUzI1NiIsInR5cCI6IkpXVCJ9.eyJzdWIiOiJ3aGF0c2FwcF9ib3QiLCJ0ZW5hbnRfaWQiOiJhaSIsInJvbGUiOiJzeXN0ZW0iLCJ0aWVyIjoiZW50ZXJwcmlzZSIsInNjb3BlIjoic2VydmljZSIsImV4cCI6MjA1NDk3NDY2OX0.SLXxiBy00-NP9dBVcPl-9b5E0QtakNUajRKAjeXgFG8'
}
-----------------------------


----- OUTGOING REQUEST -----
URL: https://django-faecdbgwhgepemec.canadacentral-01.azurewebsites.net/update-last-seen/919643393874/delivered
METHOD: PATCH
HEADERS SENT: Object [AxiosHeaders] {
  Accept: 'application/json, text/plain, */*',
  'Content-Type': undefined,
  bpid: '633229189882626',
  Authorization: 'Bearer eyJhbGciOiJIUzI1NiIsInR5cCI6IkpXVCJ9.eyJzdWIiOiJ3aGF0c2FwcF9ib3QiLCJ0ZW5hbnRfaWQiOiJhaSIsInJvbGUiOiJzeXN0ZW0iLCJ0aWVyIjoiZW50ZXJwcmlzZSIsInNjb3BlIjoic2VydmljZSIsImV4cCI6MjA1NDk3NDY2OX0.SLXxiBy00-NP9dBVcPl-9b5E0QtakNUajRKAjeXgFG8'
}
-----------------------------

Γ£à Analytics database connected
Γ¥î Database query error: error: relation "message_events" does not exist
    at C:\Users\Adarsh\MyProject\Deployed_Finals\djangobackendaug2025\whatsapp_latest_final-mainjunk\whatsapp_bot_server_withclaude\node_modules\pg-pool\index.js:45:11
    at process.processTicksAndRejections (node:internal/process/task_queues:95:5)
    at async query (file:///C:/Users/Adarsh/MyProject/Deployed_Finals/djangobackendaug2025/whatsapp_latest_final-mainjunk/whatsapp_bot_server_withclaude/analytics/db.js:37:17)
    at async updateMessageEvent (file:///C:/Users/Adarsh/MyProject/Deployed_Finals/djangobackendaug2025/whatsapp_latest_final-mainjunk/whatsapp_bot_server_withclaude/analytics/tracker.js:95:20)
    at async trackMessageStatus (file:///C:/Users/Adarsh/MyProject/Deployed_Finals/djangobackendaug2025/whatsapp_latest_final-mainjunk/whatsapp_bot_server_withclaude/analytics/tracker.js:152:5)
    at async file:///C:/Users/Adarsh/MyProject/Deployed_Finals/djangobackendaug2025/whatsapp_latest_final-mainjunk/whatsapp_bot_server_withclaude/routes/webhookRoute.js:712:11 {
  length: 113,
  severity: 'ERROR',
  code: '42P01',
  detail: undefined,
  hint: undefined,
  position: '13',
  internalPosition: undefined,
  internalQuery: undefined,
  where: undefined,
  schema: undefined,
  table: undefined,
  column: undefined,
  dataType: undefined,
  constraint: undefined,
  file: 'parse_relation.c',
  line: '1180',
  routine: 'parserOpenTable'
}
Γ¥î [Analytics] Error updating message event: error: relation "message_events" does not exist
    at C:\Users\Adarsh\MyProject\Deployed_Finals\djangobackendaug2025\whatsapp_latest_final-mainjunk\whatsapp_bot_server_withclaude\node_modules\pg-pool\index.js:45:11
    at process.processTicksAndRejections (node:internal/process/task_queues:95:5)
    at async query (file:///C:/Users/Adarsh/MyProject/Deployed_Finals/djangobackendaug2025/whatsapp_latest_final-mainjunk/whatsapp_bot_server_withclaude/analytics/db.js:37:17)
    at async updateMessageEvent (file:///C:/Users/Adarsh/MyProject/Deployed_Finals/djangobackendaug2025/whatsapp_latest_final-mainjunk/whatsapp_bot_server_withclaude/analytics/tracker.js:95:20)
    at async trackMessageStatus (file:///C:/Users/Adarsh/MyProject/Deployed_Finals/djangobackendaug2025/whatsapp_latest_final-mainjunk/whatsapp_bot_server_withclaude/analytics/tracker.js:152:5)
    at async file:///C:/Users/Adarsh/MyProject/Deployed_Finals/djangobackendaug2025/whatsapp_latest_final-mainjunk/whatsapp_bot_server_withclaude/routes/webhookRoute.js:712:11 {
  length: 113,
  severity: 'ERROR',
  code: '42P01',
  detail: undefined,
  hint: undefined,
  position: '13',
  internalPosition: undefined,
  internalQuery: undefined,
  where: undefined,
  schema: undefined,
  table: undefined,
  column: undefined,
  dataType: undefined,
  constraint: undefined,
  file: 'parse_relation.c',
  line: '1180',
  routine: 'parserOpenTable'
}
Response updating last seen:  { success: true, message: 'Update accepted' }
Γ£à Analytics database connected
ΓÜá∩╕Å  Redis not available - getTemplateName called in local mode
Γ¥î Database query error: error: relation "message_events" does not exist
    at C:\Users\Adarsh\MyProject\Deployed_Finals\djangobackendaug2025\whatsapp_latest_final-mainjunk\whatsapp_bot_server_withclaude\node_modules\pg-pool\index.js:45:11
    at process.processTicksAndRejections (node:internal/process/task_queues:95:5)
    at async query (file:///C:/Users/Adarsh/MyProject/Deployed_Finals/djangobackendaug2025/whatsapp_latest_final-mainjunk/whatsapp_bot_server_withclaude/analytics/db.js:37:17)
    at async updateMessageEvent (file:///C:/Users/Adarsh/MyProject/Deployed_Finals/djangobackendaug2025/whatsapp_latest_final-mainjunk/whatsapp_bot_server_withclaude/analytics/tracker.js:95:20)
    at async trackMessageStatus (file:///C:/Users/Adarsh/MyProject/Deployed_Finals/djangobackendaug2025/whatsapp_latest_final-mainjunk/whatsapp_bot_server_withclaude/analytics/tracker.js:152:5)
    at async file:///C:/Users/Adarsh/MyProject/Deployed_Finals/djangobackendaug2025/whatsapp_latest_final-mainjunk/whatsapp_bot_server_withclaude/routes/webhookRoute.js:694:11 {
  length: 113,
  severity: 'ERROR',
  code: '42P01',
  detail: undefined,
  hint: undefined,
  position: '13',
  internalPosition: undefined,
  internalQuery: undefined,
  where: undefined,
  schema: undefined,
  table: undefined,
  column: undefined,
  dataType: undefined,
  constraint: undefined,
  file: 'parse_relation.c',
  line: '1180',
  routine: 'parserOpenTable'
}
Γ¥î [Analytics] Error updating message event: error: relation "message_events" does not exist
    at C:\Users\Adarsh\MyProject\Deployed_Finals\djangobackendaug2025\whatsapp_latest_final-mainjunk\whatsapp_bot_server_withclaude\node_modules\pg-pool\index.js:45:11
    at process.processTicksAndRejections (node:internal/process/task_queues:95:5)
    at async query (file:///C:/Users/Adarsh/MyProject/Deployed_Finals/djangobackendaug2025/whatsapp_latest_final-mainjunk/whatsapp_bot_server_withclaude/analytics/db.js:37:17)
    at async updateMessageEvent (file:///C:/Users/Adarsh/MyProject/Deployed_Finals/djangobackendaug2025/whatsapp_latest_final-mainjunk/whatsapp_bot_server_withclaude/analytics/tracker.js:95:20)
    at async trackMessageStatus (file:///C:/Users/Adarsh/MyProject/Deployed_Finals/djangobackendaug2025/whatsapp_latest_final-mainjunk/whatsapp_bot_server_withclaude/analytics/tracker.js:152:5)
    at async file:///C:/Users/Adarsh/MyProject/Deployed_Finals/djangobackendaug2025/whatsapp_latest_final-mainjunk/whatsapp_bot_server_withclaude/routes/webhookRoute.js:694:11 {
  length: 113,
  severity: 'ERROR',
  code: '42P01',
  detail: undefined,
  hint: undefined,
  position: '13',
  internalPosition: undefined,
  internalQuery: undefined,
  where: undefined,
  schema: undefined,
  table: undefined,
  column: undefined,
  dataType: undefined,
  constraint: undefined,
  file: 'parse_relation.c',
  line: '1180',
  routine: 'parserOpenTable'
}
Error Occured in updating last seen:  AxiosError: Request failed with status code 500
    at settle (file:///C:/Users/Adarsh/MyProject/Deployed_Finals/djangobackendaug2025/whatsapp_latest_final-mainjunk/whatsapp_bot_server_withclaude/node_modules/axios/lib/core/settle.js:19:12)
    at IncomingMessage.handleStreamEnd (file:///C:/Users/Adarsh/MyProject/Deployed_Finals/djangobackendaug2025/whatsapp_latest_final-mainjunk/whatsapp_bot_server_withclaude/node_modules/axios/lib/adapters/http.js:589:11)
    at IncomingMessage.emit (node:events:531:35)
    at endReadableNT (node:internal/streams/readable:1696:12)
    at process.processTicksAndRejections (node:internal/process/task_queues:82:21)
    at Axios.request (file:///C:/Users/Adarsh/MyProject/Deployed_Finals/djangobackendaug2025/whatsapp_latest_final-mainjunk/whatsapp_bot_server_withclaude/node_modules/axios/lib/core/Axios.js:45:41)
    at process.processTicksAndRejections (node:internal/process/task_queues:95:5)
    at async updateLastSeen (file:///C:/Users/Adarsh/MyProject/Deployed_Finals/djangobackendaug2025/whatsapp_latest_final-mainjunk/whatsapp_bot_server_withclaude/helpers/misc.js:298:26) {
  code: 'ERR_BAD_RESPONSE',
  config: {
    transitional: {
      silentJSONParsing: true,
      forcedJSONParsing: true,
      clarifyTimeoutError: false
    },
    adapter: [ 'xhr', 'http' ],
    transformRequest: [ [Function: transformRequest] ],
    transformResponse: [ [Function: transformResponse] ],
    timeout: 0,
    xsrfCookieName: 'XSRF-TOKEN',
    xsrfHeaderName: 'X-XSRF-TOKEN',
    maxContentLength: -1,
    maxBodyLength: -1,
    env: { FormData: [Function], Blob: [class Blob] },
    validateStatus: [Function: validateStatus],
    headers: Object [AxiosHeaders] {
      Accept: 'application/json, text/plain, */*',
      'Content-Type': 'application/json',
      bpid: '633229189882626',
      Authorization: 'Bearer eyJhbGciOiJIUzI1NiIsInR5cCI6IkpXVCJ9.eyJzdWIiOiJ3aGF0c2FwcF9ib3QiLCJ0ZW5hbnRfaWQiOiJhaSIsInJvbGUiOiJzeXN0ZW0iLCJ0aWVyIjoiZW50ZXJwcmlzZSIsInNjb3BlIjoic2VydmljZSIsImV4cCI6MjA1NDk3NDY2OX0.SLXxiBy00-NP9dBVcPl-9b5E0QtakNUajRKAjeXgFG8',
      'User-Agent': 'axios/1.6.7',
      'Content-Length': '35',
      'Accept-Encoding': 'gzip, compress, deflate, br'
    },
    baseURL: 'https://fastapione-gue2c5ecc9c4b8hy.centralindia-01.azurewebsites.net',
    method: 'patch',
    url: 'https://django-faecdbgwhgepemec.canadacentral-01.azurewebsites.net/update-last-seen/919643393874/delivered',
    data: '{"time":"09/01/2026, 06:47:14.262"}'
  },
  request: <ref *1> ClientRequest {
    _events: [Object: null prototype] {
      abort: [Function (anonymous)],
      aborted: [Function (anonymous)],
      connect: [Function (anonymous)],
      error: [Function (anonymous)],
      socket: [Function (anonymous)],
      timeout: [Function (anonymous)],
      finish: [Function: requestOnFinish]
    },
    _eventsCount: 7,
    _maxListeners: undefined,
    outputData: [],
    outputSize: 0,
    writable: true,
    destroyed: true,
    _last: false,
    chunkedEncoding: false,
    shouldKeepAlive: true,
    maxRequestsOnConnectionReached: false,
    _defaultKeepAlive: true,
    useChunkedEncodingByDefault: true,
    sendDate: false,
    _removedConnection: false,
    _removedContLen: false,
    _removedTE: false,
    strictContentLength: false,
    _contentLength: '35',
    _hasBody: true,
    _trailer: '',
    finished: true,
    _headerSent: true,
    _closed: true,
    socket: TLSSocket {
      _tlsOptions: [Object],
      _secureEstablished: true,
      _securePending: false,
      _newSessionPending: false,
      _controlReleased: true,
      secureConnecting: false,
      _SNICallback: null,
      servername: 'django-faecdbgwhgepemec.canadacentral-01.azurewebsites.net',
      alpnProtocol: false,
      authorized: true,
      authorizationError: null,
      encrypted: true,
      _events: [Object: null prototype],
      _eventsCount: 9,
      connecting: false,
      _hadError: false,
      _parent: null,
      _host: 'django-faecdbgwhgepemec.canadacentral-01.azurewebsites.net',
      _closeAfterHandlingError: false,
      _readableState: [ReadableState],
      _writableState: [WritableState],
      allowHalfOpen: false,
      _maxListeners: undefined,
      _sockname: null,
      _pendingData: null,
      _pendingEncoding: '',
      server: undefined,
      _server: null,
      ssl: [TLSWrap],
      _requestCert: true,
      _rejectUnauthorized: true,
      timeout: 5000,
      parser: null,
      _httpMessage: null,
      [Symbol(alpncallback)]: null,
      [Symbol(res)]: [TLSWrap],
      [Symbol(verified)]: true,
      [Symbol(pendingSession)]: null,
      [Symbol(async_id_symbol)]: -1,
      [Symbol(kHandle)]: [TLSWrap],
      [Symbol(lastWriteQueueSize)]: 0,
      [Symbol(timeout)]: Timeout {
        _idleTimeout: 5000,
        _idlePrev: [TimersList],
        _idleNext: [Timeout],
        _idleStart: 59469,
        _onTimeout: [Function: bound ],
        _timerArgs: undefined,
        _repeat: null,
        _destroyed: false,
        [Symbol(refed)]: false,
        [Symbol(kHasPrimitive)]: false,
        [Symbol(asyncId)]: 4241,
        [Symbol(triggerId)]: 4239
      },
      [Symbol(kBuffer)]: null,
      [Symbol(kBufferCb)]: null,
      [Symbol(kBufferGen)]: null,
      [Symbol(shapeMode)]: true,
      [Symbol(kCapture)]: false,
      [Symbol(kSetNoDelay)]: false,
      [Symbol(kSetKeepAlive)]: true,
      [Symbol(kSetKeepAliveInitialDelay)]: 1,
      [Symbol(kBytesRead)]: 0,
      [Symbol(kBytesWritten)]: 0,
      [Symbol(connect-options)]: [Object]
    },
    _header: 'PATCH /update-last-seen/919643393874/delivered HTTP/1.1\r\n' +
      'Accept: application/json, text/plain, */*\r\n' +
      'Content-Type: application/json\r\n' +
      'bpid: 633229189882626\r\n' +
      'Authorization: Bearer eyJhbGciOiJIUzI1NiIsInR5cCI6IkpXVCJ9.eyJzdWIiOiJ3aGF0c2FwcF9ib3QiLCJ0ZW5hbnRfaWQiOiJhaSIsInJvbGUiOiJzeXN0ZW0iLCJ0aWVyIjoiZW50ZXJwcmlzZSIsInNjb3BlIjoic2VydmljZSIsImV4cCI6MjA1NDk3NDY2OX0.SLXxiBy00-NP9dBVcPl-9b5E0QtakNUajRKAjeXgFG8\r\n' +
      'User-Agent: axios/1.6.7\r\n' +
      'Content-Length: 35\r\n' +
      'Accept-Encoding: gzip, compress, deflate, br\r\n' +
      'Host: django-faecdbgwhgepemec.canadacentral-01.azurewebsites.net\r\n' +
      'Connection: keep-alive\r\n' +
      '\r\n',
    _keepAliveTimeout: 0,
    _onPendingData: [Function: nop],
    agent: Agent {
      _events: [Object: null prototype],
      _eventsCount: 2,
      _maxListeners: undefined,
      defaultPort: 443,
      protocol: 'https:',
      options: [Object: null prototype],
      requests: [Object: null prototype] {},
      sockets: [Object: null prototype],
      freeSockets: [Object: null prototype],
      keepAliveMsecs: 1000,
      keepAlive: true,
      maxSockets: Infinity,
      maxFreeSockets: 256,
      scheduling: 'lifo',
      maxTotalSockets: Infinity,
      totalSocketCount: 7,
      maxCachedSessions: 100,
      _sessionCache: [Object],
      [Symbol(shapeMode)]: false,
      [Symbol(kCapture)]: false
    },
    socketPath: undefined,
    method: 'PATCH',
    maxHeaderSize: undefined,
    insecureHTTPParser: undefined,
    joinDuplicateHeaders: undefined,
    path: '/update-last-seen/919643393874/delivered',
    _ended: true,
    res: IncomingMessage {
      _events: [Object],
      _readableState: [ReadableState],
      _maxListeners: undefined,
      socket: null,
      httpVersionMajor: 1,
      httpVersionMinor: 1,
      httpVersion: '1.1',
      complete: true,
      rawHeaders: [Array],
      rawTrailers: [],
      joinDuplicateHeaders: undefined,
      aborted: false,
      upgrade: false,
      url: '',
      method: null,
      statusCode: 500,
      statusMessage: 'Internal Server Error',
      client: [TLSSocket],
      _consuming: false,
      _dumped: false,
      req: [Circular *1],
      _eventsCount: 4,
      responseUrl: 'https://django-faecdbgwhgepemec.canadacentral-01.azurewebsites.net/update-last-seen/919643393874/delivered',
      redirects: [],
      [Symbol(shapeMode)]: true,
      [Symbol(kCapture)]: false,
      [Symbol(kHeaders)]: [Object],
      [Symbol(kHeadersCount)]: 18,
      [Symbol(kTrailers)]: null,
      [Symbol(kTrailersCount)]: 0
    },
    aborted: false,
    timeoutCb: null,
    upgradeOrConnect: false,
    parser: null,
    maxHeadersCount: null,
    reusedSocket: false,
    host: 'django-faecdbgwhgepemec.canadacentral-01.azurewebsites.net',
    protocol: 'https:',
    _redirectable: Writable {
      _events: [Object],
      _writableState: [WritableState],
      _maxListeners: undefined,
      _options: [Object],
      _ended: true,
      _ending: true,
      _redirectCount: 0,
      _redirects: [],
      _requestBodyLength: 35,
      _requestBodyBuffers: [],
      _eventsCount: 3,
      _onNativeResponse: [Function (anonymous)],
      _currentRequest: [Circular *1],
      _currentUrl: 'https://django-faecdbgwhgepemec.canadacentral-01.azurewebsites.net/update-last-seen/919643393874/delivered',
      [Symbol(shapeMode)]: true,
      [Symbol(kCapture)]: false
    },
    [Symbol(shapeMode)]: false,
    [Symbol(kCapture)]: false,
    [Symbol(kBytesWritten)]: 0,
    [Symbol(kNeedDrain)]: false,
    [Symbol(corked)]: 0,
    [Symbol(kOutHeaders)]: [Object: null prototype] {
      accept: [Array],
      'content-type': [Array],
      bpid: [Array],
      authorization: [Array],
      'user-agent': [Array],
      'content-length': [Array],
      'accept-encoding': [Array],
      host: [Array]
    },
    [Symbol(errored)]: null,
    [Symbol(kHighWaterMark)]: 16384,
    [Symbol(kRejectNonStandardBodyWrites)]: false,
    [Symbol(kUniqueHeaders)]: null
  },
  response: {
    status: 500,
    statusText: 'Internal Server Error',
    headers: Object [AxiosHeaders] {
      'content-length': '126',
      'content-type': 'application/json',
      date: 'Fri, 09 Jan 2026 01:17:15 GMT',
      server: 'gunicorn',
      vary: 'origin',
      'x-frame-options': 'DENY',
      'x-content-type-options': 'nosniff',
      'referrer-policy': 'same-origin',
      'cross-origin-opener-policy': 'same-origin'
    },
    config: {
      transitional: [Object],
      adapter: [Array],
      transformRequest: [Array],
      transformResponse: [Array],
      timeout: 0,
      xsrfCookieName: 'XSRF-TOKEN',
      xsrfHeaderName: 'X-XSRF-TOKEN',
      maxContentLength: -1,
      maxBodyLength: -1,
      env: [Object],
      validateStatus: [Function: validateStatus],
      headers: [Object [AxiosHeaders]],
      baseURL: 'https://fastapione-gue2c5ecc9c4b8hy.centralindia-01.azurewebsites.net',
      method: 'patch',
      url: 'https://django-faecdbgwhgepemec.canadacentral-01.azurewebsites.net/update-last-seen/919643393874/delivered',
      data: '{"time":"09/01/2026, 06:47:14.262"}'
    },
    request: <ref *1> ClientRequest {
      _events: [Object: null prototype],
      _eventsCount: 7,
      _maxListeners: undefined,
      outputData: [],
      outputSize: 0,
      writable: true,
      destroyed: true,
      _last: false,
      chunkedEncoding: false,
      shouldKeepAlive: true,
      maxRequestsOnConnectionReached: false,
      _defaultKeepAlive: true,
      useChunkedEncodingByDefault: true,
      sendDate: false,
      _removedConnection: false,
      _removedContLen: false,
      _removedTE: false,
      strictContentLength: false,
      _contentLength: '35',
      _hasBody: true,
      _trailer: '',
      finished: true,
      _headerSent: true,
      _closed: true,
      socket: [TLSSocket],
      _header: 'PATCH /update-last-seen/919643393874/delivered HTTP/1.1\r\n' +
        'Accept: application/json, text/plain, */*\r\n' +
        'Content-Type: application/json\r\n' +
        'bpid: 633229189882626\r\n' +
        'Authorization: Bearer eyJhbGciOiJIUzI1NiIsInR5cCI6IkpXVCJ9.eyJzdWIiOiJ3aGF0c2FwcF9ib3QiLCJ0ZW5hbnRfaWQiOiJhaSIsInJvbGUiOiJzeXN0ZW0iLCJ0aWVyIjoiZW50ZXJwcmlzZSIsInNjb3BlIjoic2VydmljZSIsImV4cCI6MjA1NDk3NDY2OX0.SLXxiBy00-NP9dBVcPl-9b5E0QtakNUajRKAjeXgFG8\r\n' +
        'User-Agent: axios/1.6.7\r\n' +
        'Content-Length: 35\r\n' +
        'Accept-Encoding: gzip, compress, deflate, br\r\n' +
        'Host: django-faecdbgwhgepemec.canadacentral-01.azurewebsites.net\r\n' +
        'Connection: keep-alive\r\n' +
        '\r\n',
      _keepAliveTimeout: 0,
      _onPendingData: [Function: nop],
      agent: [Agent],
      socketPath: undefined,
      method: 'PATCH',
      maxHeaderSize: undefined,
      insecureHTTPParser: undefined,
      joinDuplicateHeaders: undefined,
      path: '/update-last-seen/919643393874/delivered',
      _ended: true,
      res: [IncomingMessage],
      aborted: false,
      timeoutCb: null,
      upgradeOrConnect: false,
      parser: null,
      maxHeadersCount: null,
      reusedSocket: false,
      host: 'django-faecdbgwhgepemec.canadacentral-01.azurewebsites.net',
      protocol: 'https:',
      _redirectable: [Writable],
      [Symbol(shapeMode)]: false,
      [Symbol(kCapture)]: false,
      [Symbol(kBytesWritten)]: 0,
      [Symbol(kNeedDrain)]: false,
      [Symbol(corked)]: 0,
      [Symbol(kOutHeaders)]: [Object: null prototype],
      [Symbol(errored)]: null,
      [Symbol(kHighWaterMark)]: 16384,
      [Symbol(kRejectNonStandardBodyWrites)]: false,
      [Symbol(kUniqueHeaders)]: null
    },
    data: {
      error: 'Internal server error',
      details: 'FATAL:  remaining connection slots are reserved for azure replication users\n'
    }
  }
}
Γ£à Analytics database connected
Γ¥î Database query error: error: relation "message_events" does not exist
    at C:\Users\Adarsh\MyProject\Deployed_Finals\djangobackendaug2025\whatsapp_latest_final-mainjunk\whatsapp_bot_server_withclaude\node_modules\pg-pool\index.js:45:11
    at process.processTicksAndRejections (node:internal/process/task_queues:95:5)
    at async query (file:///C:/Users/Adarsh/MyProject/Deployed_Finals/djangobackendaug2025/whatsapp_latest_final-mainjunk/whatsapp_bot_server_withclaude/analytics/db.js:37:17)
    at async updateMessageEvent (file:///C:/Users/Adarsh/MyProject/Deployed_Finals/djangobackendaug2025/whatsapp_latest_final-mainjunk/whatsapp_bot_server_withclaude/analytics/tracker.js:95:20)
    at async trackMessageStatus (file:///C:/Users/Adarsh/MyProject/Deployed_Finals/djangobackendaug2025/whatsapp_latest_final-mainjunk/whatsapp_bot_server_withclaude/analytics/tracker.js:152:5)
    at async file:///C:/Users/Adarsh/MyProject/Deployed_Finals/djangobackendaug2025/whatsapp_latest_final-mainjunk/whatsapp_bot_server_withclaude/routes/webhookRoute.js:712:11 {
  length: 113,
  severity: 'ERROR',
  code: '42P01',
  detail: undefined,
  hint: undefined,
  position: '13',
  internalPosition: undefined,
  internalQuery: undefined,
  where: undefined,
  schema: undefined,
  table: undefined,
  column: undefined,
  dataType: undefined,
  constraint: undefined,
  file: 'parse_relation.c',
  line: '1180',
  routine: 'parserOpenTable'
}
Γ¥î [Analytics] Error updating message event: error: relation "message_events" does not exist
    at C:\Users\Adarsh\MyProject\Deployed_Finals\djangobackendaug2025\whatsapp_latest_final-mainjunk\whatsapp_bot_server_withclaude\node_modules\pg-pool\index.js:45:11
    at process.processTicksAndRejections (node:internal/process/task_queues:95:5)
    at async query (file:///C:/Users/Adarsh/MyProject/Deployed_Finals/djangobackendaug2025/whatsapp_latest_final-mainjunk/whatsapp_bot_server_withclaude/analytics/db.js:37:17)
    at async updateMessageEvent (file:///C:/Users/Adarsh/MyProject/Deployed_Finals/djangobackendaug2025/whatsapp_latest_final-mainjunk/whatsapp_bot_server_withclaude/analytics/tracker.js:95:20)
    at async trackMessageStatus (file:///C:/Users/Adarsh/MyProject/Deployed_Finals/djangobackendaug2025/whatsapp_latest_final-mainjunk/whatsapp_bot_server_withclaude/analytics/tracker.js:152:5)
    at async file:///C:/Users/Adarsh/MyProject/Deployed_Finals/djangobackendaug2025/whatsapp_latest_final-mainjunk/whatsapp_bot_server_withclaude/routes/webhookRoute.js:712:11 {
  length: 113,
  severity: 'ERROR',
  code: '42P01',
  detail: undefined,
  hint: undefined,
  position: '13',
  internalPosition: undefined,
  internalQuery: undefined,
  where: undefined,
  schema: undefined,
  table: undefined,
  column: undefined,
  dataType: undefined,
  constraint: undefined,
  file: 'parse_relation.c',
  line: '1180',
  routine: 'parserOpenTable'
}
Γ£à Analytics database connected
Γ¥î Database query error: error: relation "message_events" does not exist
    at C:\Users\Adarsh\MyProject\Deployed_Finals\djangobackendaug2025\whatsapp_latest_final-mainjunk\whatsapp_bot_server_withclaude\node_modules\pg-pool\index.js:45:11
    at process.processTicksAndRejections (node:internal/process/task_queues:95:5)
    at async query (file:///C:/Users/Adarsh/MyProject/Deployed_Finals/djangobackendaug2025/whatsapp_latest_final-mainjunk/whatsapp_bot_server_withclaude/analytics/db.js:37:17)
    at async trackMessageStatus (file:///C:/Users/Adarsh/MyProject/Deployed_Finals/djangobackendaug2025/whatsapp_latest_final-mainjunk/whatsapp_bot_server_withclaude/analytics/tracker.js:155:26)
    at async file:///C:/Users/Adarsh/MyProject/Deployed_Finals/djangobackendaug2025/whatsapp_latest_final-mainjunk/whatsapp_bot_server_withclaude/routes/webhookRoute.js:712:11 {
  length: 113,
  severity: 'ERROR',
  code: '42P01',
  detail: undefined,
  hint: undefined,
  position: '23',
  internalPosition: undefined,
  internalQuery: undefined,
  where: undefined,
  schema: undefined,
  table: undefined,
  column: undefined,
  dataType: undefined,
  constraint: undefined,
  file: 'parse_relation.c',
  line: '1180',
  routine: 'parserOpenTable'
}
Γ¥î [Analytics] Error tracking message status: error: relation "message_events" does not exist
    at C:\Users\Adarsh\MyProject\Deployed_Finals\djangobackendaug2025\whatsapp_latest_final-mainjunk\whatsapp_bot_server_withclaude\node_modules\pg-pool\index.js:45:11
    at process.processTicksAndRejections (node:internal/process/task_queues:95:5)
    at async query (file:///C:/Users/Adarsh/MyProject/Deployed_Finals/djangobackendaug2025/whatsapp_latest_final-mainjunk/whatsapp_bot_server_withclaude/analytics/db.js:37:17)
    at async trackMessageStatus (file:///C:/Users/Adarsh/MyProject/Deployed_Finals/djangobackendaug2025/whatsapp_latest_final-mainjunk/whatsapp_bot_server_withclaude/analytics/tracker.js:155:26)
    at async file:///C:/Users/Adarsh/MyProject/Deployed_Finals/djangobackendaug2025/whatsapp_latest_final-mainjunk/whatsapp_bot_server_withclaude/routes/webhookRoute.js:712:11 {
  length: 113,
  severity: 'ERROR',
  code: '42P01',
  detail: undefined,
  hint: undefined,
  position: '23',
  internalPosition: undefined,
  internalQuery: undefined,
  where: undefined,
  schema: undefined,
  table: undefined,
  column: undefined,
  dataType: undefined,
  constraint: undefined,
  file: 'parse_relation.c',
  line: '1180',
  routine: 'parserOpenTable'
}
Webhook Processing Complete
Γ£à Analytics database connected
Γ£à Analytics database connected
Γ¥î Database query error: error: relation "message_events" does not exist
    at C:\Users\Adarsh\MyProject\Deployed_Finals\djangobackendaug2025\whatsapp_latest_final-mainjunk\whatsapp_bot_server_withclaude\node_modules\pg-pool\index.js:45:11
    at process.processTicksAndRejections (node:internal/process/task_queues:95:5)
    at async query (file:///C:/Users/Adarsh/MyProject/Deployed_Finals/djangobackendaug2025/whatsapp_latest_final-mainjunk/whatsapp_bot_server_withclaude/analytics/db.js:37:17)
    at async updateMessageEvent (file:///C:/Users/Adarsh/MyProject/Deployed_Finals/djangobackendaug2025/whatsapp_latest_final-mainjunk/whatsapp_bot_server_withclaude/analytics/tracker.js:95:20)
    at async trackMessageStatus (file:///C:/Users/Adarsh/MyProject/Deployed_Finals/djangobackendaug2025/whatsapp_latest_final-mainjunk/whatsapp_bot_server_withclaude/analytics/tracker.js:152:5)
    at async file:///C:/Users/Adarsh/MyProject/Deployed_Finals/djangobackendaug2025/whatsapp_latest_final-mainjunk/whatsapp_bot_server_withclaude/routes/webhookRoute.js:694:11 {
  length: 113,
  severity: 'ERROR',
  code: '42P01',
  detail: undefined,
  hint: undefined,
  position: '13',
  internalPosition: undefined,
  internalQuery: undefined,
  where: undefined,
  schema: undefined,
  table: undefined,
  column: undefined,
  dataType: undefined,
  constraint: undefined,
  file: 'parse_relation.c',
  line: '1180',
  routine: 'parserOpenTable'
}
Γ¥î [Analytics] Error updating message event: error: relation "message_events" does not exist
    at C:\Users\Adarsh\MyProject\Deployed_Finals\djangobackendaug2025\whatsapp_latest_final-mainjunk\whatsapp_bot_server_withclaude\node_modules\pg-pool\index.js:45:11
    at process.processTicksAndRejections (node:internal/process/task_queues:95:5)
    at async query (file:///C:/Users/Adarsh/MyProject/Deployed_Finals/djangobackendaug2025/whatsapp_latest_final-mainjunk/whatsapp_bot_server_withclaude/analytics/db.js:37:17)
    at async updateMessageEvent (file:///C:/Users/Adarsh/MyProject/Deployed_Finals/djangobackendaug2025/whatsapp_latest_final-mainjunk/whatsapp_bot_server_withclaude/analytics/tracker.js:95:20)
    at async trackMessageStatus (file:///C:/Users/Adarsh/MyProject/Deployed_Finals/djangobackendaug2025/whatsapp_latest_final-mainjunk/whatsapp_bot_server_withclaude/analytics/tracker.js:152:5)
    at async file:///C:/Users/Adarsh/MyProject/Deployed_Finals/djangobackendaug2025/whatsapp_latest_final-mainjunk/whatsapp_bot_server_withclaude/routes/webhookRoute.js:694:11 {
  length: 113,
  severity: 'ERROR',
  code: '42P01',
  detail: undefined,
  hint: undefined,
  position: '13',
  internalPosition: undefined,
  internalQuery: undefined,
  where: undefined,
  schema: undefined,
  table: undefined,
  column: undefined,
  dataType: undefined,
  constraint: undefined,
  file: 'parse_relation.c',
  line: '1180',
  routine: 'parserOpenTable'
}
Γ¥î Database query error: error: relation "message_events" does not exist
    at C:\Users\Adarsh\MyProject\Deployed_Finals\djangobackendaug2025\whatsapp_latest_final-mainjunk\whatsapp_bot_server_withclaude\node_modules\pg-pool\index.js:45:11
    at process.processTicksAndRejections (node:internal/process/task_queues:95:5)
    at async query (file:///C:/Users/Adarsh/MyProject/Deployed_Finals/djangobackendaug2025/whatsapp_latest_final-mainjunk/whatsapp_bot_server_withclaude/analytics/db.js:37:17)
    at async trackMessageStatus (file:///C:/Users/Adarsh/MyProject/Deployed_Finals/djangobackendaug2025/whatsapp_latest_final-mainjunk/whatsapp_bot_server_withclaude/analytics/tracker.js:155:26)
    at async file:///C:/Users/Adarsh/MyProject/Deployed_Finals/djangobackendaug2025/whatsapp_latest_final-mainjunk/whatsapp_bot_server_withclaude/routes/webhookRoute.js:694:11 {
  length: 113,
  severity: 'ERROR',
  code: '42P01',
  detail: undefined,
  hint: undefined,
  position: '23',
  internalPosition: undefined,
  internalQuery: undefined,
  where: undefined,
  schema: undefined,
  table: undefined,
  column: undefined,
  dataType: undefined,
  constraint: undefined,
  file: 'parse_relation.c',
  line: '1180',
  routine: 'parserOpenTable'
}
Γ¥î [Analytics] Error tracking message status: error: relation "message_events" does not exist
    at C:\Users\Adarsh\MyProject\Deployed_Finals\djangobackendaug2025\whatsapp_latest_final-mainjunk\whatsapp_bot_server_withclaude\node_modules\pg-pool\index.js:45:11
    at process.processTicksAndRejections (node:internal/process/task_queues:95:5)
    at async query (file:///C:/Users/Adarsh/MyProject/Deployed_Finals/djangobackendaug2025/whatsapp_latest_final-mainjunk/whatsapp_bot_server_withclaude/analytics/db.js:37:17)
    at async trackMessageStatus (file:///C:/Users/Adarsh/MyProject/Deployed_Finals/djangobackendaug2025/whatsapp_latest_final-mainjunk/whatsapp_bot_server_withclaude/analytics/tracker.js:155:26)
    at async file:///C:/Users/Adarsh/MyProject/Deployed_Finals/djangobackendaug2025/whatsapp_latest_final-mainjunk/whatsapp_bot_server_withclaude/routes/webhookRoute.js:694:11 {
  length: 113,
  severity: 'ERROR',
  code: '42P01',
  detail: undefined,
  hint: undefined,
  position: '23',
  internalPosition: undefined,
  internalQuery: undefined,
  where: undefined,
  schema: undefined,
  table: undefined,
  column: undefined,
  dataType: undefined,
  constraint: undefined,
  file: 'parse_relation.c',
  line: '1180',
  routine: 'parserOpenTable'
}
Webhook Processing Complete
Γ£à Analytics database connected
Γ¥î Database query error: error: relation "message_events" does not exist
    at C:\Users\Adarsh\MyProject\Deployed_Finals\djangobackendaug2025\whatsapp_latest_final-mainjunk\whatsapp_bot_server_withclaude\node_modules\pg-pool\index.js:45:11
    at process.processTicksAndRejections (node:internal/process/task_queues:95:5)
    at async query (file:///C:/Users/Adarsh/MyProject/Deployed_Finals/djangobackendaug2025/whatsapp_latest_final-mainjunk/whatsapp_bot_server_withclaude/analytics/db.js:37:17)
    at async trackMessageStatus (file:///C:/Users/Adarsh/MyProject/Deployed_Finals/djangobackendaug2025/whatsapp_latest_final-mainjunk/whatsapp_bot_server_withclaude/analytics/tracker.js:155:26)
    at async file:///C:/Users/Adarsh/MyProject/Deployed_Finals/djangobackendaug2025/whatsapp_latest_final-mainjunk/whatsapp_bot_server_withclaude/routes/webhookRoute.js:712:11 {
  length: 113,
  severity: 'ERROR',
  code: '42P01',
  detail: undefined,
  hint: undefined,
  position: '23',
  internalPosition: undefined,
  internalQuery: undefined,
  where: undefined,
  schema: undefined,
  table: undefined,
  column: undefined,
  dataType: undefined,
  constraint: undefined,
  file: 'parse_relation.c',
  line: '1180',
  routine: 'parserOpenTable'
}
Γ¥î [Analytics] Error tracking message status: error: relation "message_events" does not exist
    at C:\Users\Adarsh\MyProject\Deployed_Finals\djangobackendaug2025\whatsapp_latest_final-mainjunk\whatsapp_bot_server_withclaude\node_modules\pg-pool\index.js:45:11
    at process.processTicksAndRejections (node:internal/process/task_queues:95:5)
    at async query (file:///C:/Users/Adarsh/MyProject/Deployed_Finals/djangobackendaug2025/whatsapp_latest_final-mainjunk/whatsapp_bot_server_withclaude/analytics/db.js:37:17)
    at async trackMessageStatus (file:///C:/Users/Adarsh/MyProject/Deployed_Finals/djangobackendaug2025/whatsapp_latest_final-mainjunk/whatsapp_bot_server_withclaude/analytics/tracker.js:155:26)
    at async file:///C:/Users/Adarsh/MyProject/Deployed_Finals/djangobackendaug2025/whatsapp_latest_final-mainjunk/whatsapp_bot_server_withclaude/routes/webhookRoute.js:712:11 {
  length: 113,
  severity: 'ERROR',
  code: '42P01',
  detail: undefined,
  hint: undefined,
  position: '23',
  internalPosition: undefined,
  internalQuery: undefined,
  where: undefined,
  schema: undefined,
  table: undefined,
  column: undefined,
  dataType: undefined,
  constraint: undefined,
  file: 'parse_relation.c',
  line: '1180',
  routine: 'parserOpenTable'
}
Webhook Processing Complete
Γ£à Analytics database connected
Γ¥î Database query error: error: relation "message_events" does not exist
    at C:\Users\Adarsh\MyProject\Deployed_Finals\djangobackendaug2025\whatsapp_latest_final-mainjunk\whatsapp_bot_server_withclaude\node_modules\pg-pool\index.js:45:11
    at process.processTicksAndRejections (node:internal/process/task_queues:95:5)
    at async query (file:///C:/Users/Adarsh/MyProject/Deployed_Finals/djangobackendaug2025/whatsapp_latest_final-mainjunk/whatsapp_bot_server_withclaude/analytics/db.js:37:17)
    at async trackMessageStatus (file:///C:/Users/Adarsh/MyProject/Deployed_Finals/djangobackendaug2025/whatsapp_latest_final-mainjunk/whatsapp_bot_server_withclaude/analytics/tracker.js:155:26)
    at async file:///C:/Users/Adarsh/MyProject/Deployed_Finals/djangobackendaug2025/whatsapp_latest_final-mainjunk/whatsapp_bot_server_withclaude/routes/webhookRoute.js:694:11 {
  length: 113,
  severity: 'ERROR',
  code: '42P01',
  detail: undefined,
  hint: undefined,
  position: '23',
  internalPosition: undefined,
  internalQuery: undefined,
  where: undefined,
  schema: undefined,
  table: undefined,
  column: undefined,
  dataType: undefined,
  constraint: undefined,
  file: 'parse_relation.c',
  line: '1180',
  routine: 'parserOpenTable'
}
Γ¥î [Analytics] Error tracking message status: error: relation "message_events" does not exist
    at C:\Users\Adarsh\MyProject\Deployed_Finals\djangobackendaug2025\whatsapp_latest_final-mainjunk\whatsapp_bot_server_withclaude\node_modules\pg-pool\index.js:45:11
    at process.processTicksAndRejections (node:internal/process/task_queues:95:5)
    at async query (file:///C:/Users/Adarsh/MyProject/Deployed_Finals/djangobackendaug2025/whatsapp_latest_final-mainjunk/whatsapp_bot_server_withclaude/analytics/db.js:37:17)
    at async trackMessageStatus (file:///C:/Users/Adarsh/MyProject/Deployed_Finals/djangobackendaug2025/whatsapp_latest_final-mainjunk/whatsapp_bot_server_withclaude/analytics/tracker.js:155:26)
    at async file:///C:/Users/Adarsh/MyProject/Deployed_Finals/djangobackendaug2025/whatsapp_latest_final-mainjunk/whatsapp_bot_server_withclaude/routes/webhookRoute.js:694:11 {
  length: 113,
  severity: 'ERROR',
  code: '42P01',
  detail: undefined,
  hint: undefined,
  position: '23',
  internalPosition: undefined,
  internalQuery: undefined,
  where: undefined,
  schema: undefined,
  table: undefined,
  column: undefined,
  dataType: undefined,
  constraint: undefined,
  file: 'parse_relation.c',
  line: '1180',
  routine: 'parserOpenTable'
}
Webhook Processing Complete
recieved n8n response
Sending message to: 919643393874
Sending Message

----- OUTGOING REQUEST -----
URL: https://graph.facebook.com/v18.0/633229189882626/messages
METHOD: POST
HEADERS SENT: Object [AxiosHeaders] {
  Accept: 'application/json, text/plain, */*',
  'Content-Type': undefined,
  Authorization: 'Bearer EAAVZBobCt7AcBO2GUmdSAwUj1kvGqVDyZBhKvf7teV8DfjIrHUhI8jZC7VOz2BSLHy4MjALe73DRmFBFpNzkCoVONSpof4cERZBM7zx26nZAYRbslYmZAv03comASiVh33o5ZCesZBC8Vh6vfpupM5ekcLP25ncpPZAxZCZAoe7yrnwNx2WImjdtpxLM8SG5wBKUxCOH5U50kXDSB1PYdEiYh70sXw1vBKpsuDPc22JhbAoOkCskprNAPGurHlPj13z'
}
-----------------------------

Failed to send message: {
  error: {
    message: '(#100) Invalid parameter',
    type: 'OAuthException',
    code: 100,
    error_data: {
      messaging_product: 'whatsapp',
      details: "Parameter 'text' is mandatory for type 'text'"
    },
    fbtrace_id: 'AKZLDsAj_x5si0Y_F2Bv4U1'
  }
}
Message sent successfully
customint advanced from node to 8, session saved
Current Node:  8  | Flow Version: 1
flowlfolwolfowl:  {
  id: 8,
  body: 'I have more in stock for you!',
  type: 'Button',
  variable: 'cateogrytwo',
  variableType: 'cateogrytwo'
}
message b4 replacement:  I have more in stock for you!
MEssage after replacing:  I have more in stock for you!
Information for buttons:  [ 9, 10 ] I have more in stock for you!
button_row: [
  { type: 'reply', reply: { id: 9, title: 'Bakery ≡ƒæ⌐≡ƒÅ╗ΓÇì≡ƒì│' } },
  { type: 'reply', reply: { id: 10, title: 'Main Menu' } }
]
Sending message to: 919643393874
Sending Message

----- OUTGOING REQUEST -----
URL: https://graph.facebook.com/v18.0/633229189882626/messages
METHOD: POST
HEADERS SENT: Object [AxiosHeaders] {
  Accept: 'application/json, text/plain, */*',
  'Content-Type': undefined,
  Authorization: 'Bearer EAAVZBobCt7AcBO2GUmdSAwUj1kvGqVDyZBhKvf7teV8DfjIrHUhI8jZC7VOz2BSLHy4MjALe73DRmFBFpNzkCoVONSpof4cERZBM7zx26nZAYRbslYmZAv03comASiVh33o5ZCesZBC8Vh6vfpupM5ekcLP25ncpPZAxZCZAoe7yrnwNx2WImjdtpxLM8SG5wBKUxCOH5U50kXDSB1PYdEiYh70sXw1vBKpsuDPc22JhbAoOkCskprNAPGurHlPj13z'
}
-----------------------------

Message sent successfully: {
  messaging_product: 'whatsapp',
  contacts: [ { input: '919643393874', wa_id: '919643393874' } ],
  messages: [
    {
      id: 'wamid.HBgMOTE5NjQzMzkzODc0FQIAERgSQUE1QjVENUE4ODMxQjk5NzYwAA=='
    }
  ]
}
Tenant sent in send-message:  ecdayvn
Webhook Processing Start
Γ£à Webhook signature validated successfully
Webhook Processing Complete
Γ£à Analytics database connected
Γ¥î Database query error: error: relation "message_events" does not exist
    at C:\Users\Adarsh\MyProject\Deployed_Finals\djangobackendaug2025\whatsapp_latest_final-mainjunk\whatsapp_bot_server_withclaude\node_modules\pg-pool\index.js:45:11
    at process.processTicksAndRejections (node:internal/process/task_queues:95:5)
    at async query (file:///C:/Users/Adarsh/MyProject/Deployed_Finals/djangobackendaug2025/whatsapp_latest_final-mainjunk/whatsapp_bot_server_withclaude/analytics/db.js:37:17)
    at async trackMessageSend (file:///C:/Users/Adarsh/MyProject/Deployed_Finals/djangobackendaug2025/whatsapp_latest_final-mainjunk/whatsapp_bot_server_withclaude/analytics/tracker.js:49:20)
    at async sendMessage (file:///C:/Users/Adarsh/MyProject/Deployed_Finals/djangobackendaug2025/whatsapp_latest_final-mainjunk/whatsapp_bot_server_withclaude/send-message.js:48:17)
    at async processNodeLegacy (file:///C:/Users/Adarsh/MyProject/Deployed_Finals/djangobackendaug2025/whatsapp_latest_final-mainjunk/whatsapp_bot_server_withclaude/mainwebhook/snm.js:431:17)
    at async sendNodeMessage (file:///C:/Users/Adarsh/MyProject/Deployed_Finals/djangobackendaug2025/whatsapp_latest_final-mainjunk/whatsapp_bot_server_withclaude/mainwebhook/snm.js:260:13)
    at async processNodeLegacy (file:///C:/Users/Adarsh/MyProject/Deployed_Finals/djangobackendaug2025/whatsapp_latest_final-mainjunk/whatsapp_bot_server_withclaude/mainwebhook/snm.js:662:25)
    at async sendNodeMessage (file:///C:/Users/Adarsh/MyProject/Deployed_Finals/djangobackendaug2025/whatsapp_latest_final-mainjunk/whatsapp_bot_server_withclaude/mainwebhook/snm.js:260:13) {
  length: 113,
  severity: 'ERROR',
  code: '42P01',
  detail: undefined,
  hint: undefined,
  position: '20',
  internalPosition: undefined,
  internalQuery: undefined,
  where: undefined,
  schema: undefined,
  table: undefined,
  column: undefined,
  dataType: undefined,
  constraint: undefined,
  file: 'parse_relation.c',
  line: '1180',
  routine: 'parserOpenTable'
}
Γ¥î [Analytics] Error tracking message send: error: relation "message_events" does not exist
    at C:\Users\Adarsh\MyProject\Deployed_Finals\djangobackendaug2025\whatsapp_latest_final-mainjunk\whatsapp_bot_server_withclaude\node_modules\pg-pool\index.js:45:11
    at process.processTicksAndRejections (node:internal/process/task_queues:95:5)
    at async query (file:///C:/Users/Adarsh/MyProject/Deployed_Finals/djangobackendaug2025/whatsapp_latest_final-mainjunk/whatsapp_bot_server_withclaude/analytics/db.js:37:17)
    at async trackMessageSend (file:///C:/Users/Adarsh/MyProject/Deployed_Finals/djangobackendaug2025/whatsapp_latest_final-mainjunk/whatsapp_bot_server_withclaude/analytics/tracker.js:49:20)
    at async sendMessage (file:///C:/Users/Adarsh/MyProject/Deployed_Finals/djangobackendaug2025/whatsapp_latest_final-mainjunk/whatsapp_bot_server_withclaude/send-message.js:48:17)
    at async processNodeLegacy (file:///C:/Users/Adarsh/MyProject/Deployed_Finals/djangobackendaug2025/whatsapp_latest_final-mainjunk/whatsapp_bot_server_withclaude/mainwebhook/snm.js:431:17)
    at async sendNodeMessage (file:///C:/Users/Adarsh/MyProject/Deployed_Finals/djangobackendaug2025/whatsapp_latest_final-mainjunk/whatsapp_bot_server_withclaude/mainwebhook/snm.js:260:13)
    at async processNodeLegacy (file:///C:/Users/Adarsh/MyProject/Deployed_Finals/djangobackendaug2025/whatsapp_latest_final-mainjunk/whatsapp_bot_server_withclaude/mainwebhook/snm.js:662:25)
    at async sendNodeMessage (file:///C:/Users/Adarsh/MyProject/Deployed_Finals/djangobackendaug2025/whatsapp_latest_final-mainjunk/whatsapp_bot_server_withclaude/mainwebhook/snm.js:260:13) {
  length: 113,
  severity: 'ERROR',
  code: '42P01',
  detail: undefined,
  hint: undefined,
  position: '20',
  internalPosition: undefined,
  internalQuery: undefined,
  where: undefined,
  schema: undefined,
  table: undefined,
  column: undefined,
  dataType: undefined,
  constraint: undefined,
  file: 'parse_relation.c',
  line: '1180',
  routine: 'parserOpenTable'
}
Emitted Node Message

----- OUTGOING REQUEST -----
URL: https://django-faecdbgwhgepemec.canadacentral-01.azurewebsites.net/whatsapp_convo_post/919643393874/?source=whatsapp
METHOD: POST
HEADERS SENT: Object [AxiosHeaders] {
  Accept: 'application/json, text/plain, */*',
  'Content-Type': 'application/json',
  'X-Tenant-Id': 'ecdayvn',
  Authorization: 'Bearer eyJhbGciOiJIUzI1NiIsInR5cCI6IkpXVCJ9.eyJzdWIiOiJ3aGF0c2FwcF9ib3QiLCJ0ZW5hbnRfaWQiOiJhaSIsInJvbGUiOiJzeXN0ZW0iLCJ0aWVyIjoiZW50ZXJwcmlzZSIsInNjb3BlIjoic2VydmljZSIsImV4cCI6MjA1NDk3NDY2OX0.SLXxiBy00-NP9dBVcPl-9b5E0QtakNUajRKAjeXgFG8'
}
-----------------------------

Updated Current Node:  8
Updated Current Node:  8
Webhook Processing Start
Γ£à Webhook signature validated successfully

----- OUTGOING REQUEST -----
URL: https://django-faecdbgwhgepemec.canadacentral-01.azurewebsites.net/individual_message_statistics/
METHOD: POST
HEADERS SENT: Object [AxiosHeaders] {
  Accept: 'application/json, text/plain, */*',
  'Content-Type': undefined,
  bpid: '633229189882626',
  Authorization: 'Bearer eyJhbGciOiJIUzI1NiIsInR5cCI6IkpXVCJ9.eyJzdWIiOiJ3aGF0c2FwcF9ib3QiLCJ0ZW5hbnRfaWQiOiJhaSIsInJvbGUiOiJzeXN0ZW0iLCJ0aWVyIjoiZW50ZXJwcmlzZSIsInNjb3BlIjoic2VydmljZSIsImV4cCI6MjA1NDk3NDY2OX0.SLXxiBy00-NP9dBVcPl-9b5E0QtakNUajRKAjeXgFG8'
}
-----------------------------


----- OUTGOING REQUEST -----
URL: https://django-faecdbgwhgepemec.canadacentral-01.azurewebsites.net/update-last-seen/919643393874/seen
METHOD: PATCH
HEADERS SENT: Object [AxiosHeaders] {
  Accept: 'application/json, text/plain, */*',
  'Content-Type': undefined,
  bpid: '633229189882626',
  Authorization: 'Bearer eyJhbGciOiJIUzI1NiIsInR5cCI6IkpXVCJ9.eyJzdWIiOiJ3aGF0c2FwcF9ib3QiLCJ0ZW5hbnRfaWQiOiJhaSIsInJvbGUiOiJzeXN0ZW0iLCJ0aWVyIjoiZW50ZXJwcmlzZSIsInNjb3BlIjoic2VydmljZSIsImV4cCI6MjA1NDk3NDY2OX0.SLXxiBy00-NP9dBVcPl-9b5E0QtakNUajRKAjeXgFG8'
}
-----------------------------

Webhook Processing Start
Γ£à Webhook signature validated successfully
Delivered:  919643393874

----- OUTGOING REQUEST -----
URL: https://django-faecdbgwhgepemec.canadacentral-01.azurewebsites.net/individual_message_statistics/
METHOD: POST
HEADERS SENT: Object [AxiosHeaders] {
  Accept: 'application/json, text/plain, */*',
  'Content-Type': undefined,
  bpid: '633229189882626',
  Authorization: 'Bearer eyJhbGciOiJIUzI1NiIsInR5cCI6IkpXVCJ9.eyJzdWIiOiJ3aGF0c2FwcF9ib3QiLCJ0ZW5hbnRfaWQiOiJhaSIsInJvbGUiOiJzeXN0ZW0iLCJ0aWVyIjoiZW50ZXJwcmlzZSIsInNjb3BlIjoic2VydmljZSIsImV4cCI6MjA1NDk3NDY2OX0.SLXxiBy00-NP9dBVcPl-9b5E0QtakNUajRKAjeXgFG8'
}
-----------------------------


----- OUTGOING REQUEST -----
URL: https://django-faecdbgwhgepemec.canadacentral-01.azurewebsites.net/update-last-seen/919643393874/delivered
METHOD: PATCH
HEADERS SENT: Object [AxiosHeaders] {
  Accept: 'application/json, text/plain, */*',
  'Content-Type': undefined,
  bpid: '633229189882626',
  Authorization: 'Bearer eyJhbGciOiJIUzI1NiIsInR5cCI6IkpXVCJ9.eyJzdWIiOiJ3aGF0c2FwcF9ib3QiLCJ0ZW5hbnRfaWQiOiJhaSIsInJvbGUiOiJzeXN0ZW0iLCJ0aWVyIjoiZW50ZXJwcmlzZSIsInNjb3BlIjoic2VydmljZSIsImV4cCI6MjA1NDk3NDY2OX0.SLXxiBy00-NP9dBVcPl-9b5E0QtakNUajRKAjeXgFG8'
}
-----------------------------

ΓÜá∩╕Å  Redis not available - getTemplateName called in local mode
Response updating last seen:  { success: true, message: 'Update accepted' }
Γ£à Analytics database connected
Γ¥î Database query error: error: relation "message_events" does not exist
    at C:\Users\Adarsh\MyProject\Deployed_Finals\djangobackendaug2025\whatsapp_latest_final-mainjunk\whatsapp_bot_server_withclaude\node_modules\pg-pool\index.js:45:11
    at process.processTicksAndRejections (node:internal/process/task_queues:95:5)
    at async query (file:///C:/Users/Adarsh/MyProject/Deployed_Finals/djangobackendaug2025/whatsapp_latest_final-mainjunk/whatsapp_bot_server_withclaude/analytics/db.js:37:17)
    at async updateMessageEvent (file:///C:/Users/Adarsh/MyProject/Deployed_Finals/djangobackendaug2025/whatsapp_latest_final-mainjunk/whatsapp_bot_server_withclaude/analytics/tracker.js:95:20)
    at async trackMessageStatus (file:///C:/Users/Adarsh/MyProject/Deployed_Finals/djangobackendaug2025/whatsapp_latest_final-mainjunk/whatsapp_bot_server_withclaude/analytics/tracker.js:152:5)
    at async file:///C:/Users/Adarsh/MyProject/Deployed_Finals/djangobackendaug2025/whatsapp_latest_final-mainjunk/whatsapp_bot_server_withclaude/routes/webhookRoute.js:712:11 {
  length: 113,
  severity: 'ERROR',
  code: '42P01',
  detail: undefined,
  hint: undefined,
  position: '13',
  internalPosition: undefined,
  internalQuery: undefined,
  where: undefined,
  schema: undefined,
  table: undefined,
  column: undefined,
  dataType: undefined,
  constraint: undefined,
  file: 'parse_relation.c',
  line: '1180',
  routine: 'parserOpenTable'
}
Γ¥î [Analytics] Error updating message event: error: relation "message_events" does not exist
    at C:\Users\Adarsh\MyProject\Deployed_Finals\djangobackendaug2025\whatsapp_latest_final-mainjunk\whatsapp_bot_server_withclaude\node_modules\pg-pool\index.js:45:11
    at process.processTicksAndRejections (node:internal/process/task_queues:95:5)
    at async query (file:///C:/Users/Adarsh/MyProject/Deployed_Finals/djangobackendaug2025/whatsapp_latest_final-mainjunk/whatsapp_bot_server_withclaude/analytics/db.js:37:17)
    at async updateMessageEvent (file:///C:/Users/Adarsh/MyProject/Deployed_Finals/djangobackendaug2025/whatsapp_latest_final-mainjunk/whatsapp_bot_server_withclaude/analytics/tracker.js:95:20)
    at async trackMessageStatus (file:///C:/Users/Adarsh/MyProject/Deployed_Finals/djangobackendaug2025/whatsapp_latest_final-mainjunk/whatsapp_bot_server_withclaude/analytics/tracker.js:152:5)
    at async file:///C:/Users/Adarsh/MyProject/Deployed_Finals/djangobackendaug2025/whatsapp_latest_final-mainjunk/whatsapp_bot_server_withclaude/routes/webhookRoute.js:712:11 {
  length: 113,
  severity: 'ERROR',
  code: '42P01',
  detail: undefined,
  hint: undefined,
  position: '13',
  internalPosition: undefined,
  internalQuery: undefined,
  where: undefined,
  schema: undefined,
  table: undefined,
  column: undefined,
  dataType: undefined,
  constraint: undefined,
  file: 'parse_relation.c',
  line: '1180',
  routine: 'parserOpenTable'
}
Response updating last seen:  { success: true, message: 'Update accepted' }
Γ£à Analytics database connected
Γ¥î Database query error: error: relation "message_events" does not exist
    at C:\Users\Adarsh\MyProject\Deployed_Finals\djangobackendaug2025\whatsapp_latest_final-mainjunk\whatsapp_bot_server_withclaude\node_modules\pg-pool\index.js:45:11
    at process.processTicksAndRejections (node:internal/process/task_queues:95:5)
    at async query (file:///C:/Users/Adarsh/MyProject/Deployed_Finals/djangobackendaug2025/whatsapp_latest_final-mainjunk/whatsapp_bot_server_withclaude/analytics/db.js:37:17)
    at async updateMessageEvent (file:///C:/Users/Adarsh/MyProject/Deployed_Finals/djangobackendaug2025/whatsapp_latest_final-mainjunk/whatsapp_bot_server_withclaude/analytics/tracker.js:95:20)
    at async trackMessageStatus (file:///C:/Users/Adarsh/MyProject/Deployed_Finals/djangobackendaug2025/whatsapp_latest_final-mainjunk/whatsapp_bot_server_withclaude/analytics/tracker.js:152:5)
    at async file:///C:/Users/Adarsh/MyProject/Deployed_Finals/djangobackendaug2025/whatsapp_latest_final-mainjunk/whatsapp_bot_server_withclaude/routes/webhookRoute.js:694:11 {
  length: 113,
  severity: 'ERROR',
  code: '42P01',
  detail: undefined,
  hint: undefined,
  position: '13',
  internalPosition: undefined,
  internalQuery: undefined,
  where: undefined,
  schema: undefined,
  table: undefined,
  column: undefined,
  dataType: undefined,
  constraint: undefined,
  file: 'parse_relation.c',
  line: '1180',
  routine: 'parserOpenTable'
}
Γ¥î [Analytics] Error updating message event: error: relation "message_events" does not exist
    at C:\Users\Adarsh\MyProject\Deployed_Finals\djangobackendaug2025\whatsapp_latest_final-mainjunk\whatsapp_bot_server_withclaude\node_modules\pg-pool\index.js:45:11
    at process.processTicksAndRejections (node:internal/process/task_queues:95:5)
    at async query (file:///C:/Users/Adarsh/MyProject/Deployed_Finals/djangobackendaug2025/whatsapp_latest_final-mainjunk/whatsapp_bot_server_withclaude/analytics/db.js:37:17)
    at async updateMessageEvent (file:///C:/Users/Adarsh/MyProject/Deployed_Finals/djangobackendaug2025/whatsapp_latest_final-mainjunk/whatsapp_bot_server_withclaude/analytics/tracker.js:95:20)
    at async trackMessageStatus (file:///C:/Users/Adarsh/MyProject/Deployed_Finals/djangobackendaug2025/whatsapp_latest_final-mainjunk/whatsapp_bot_server_withclaude/analytics/tracker.js:152:5)
    at async file:///C:/Users/Adarsh/MyProject/Deployed_Finals/djangobackendaug2025/whatsapp_latest_final-mainjunk/whatsapp_bot_server_withclaude/routes/webhookRoute.js:694:11 {
  length: 113,
  severity: 'ERROR',
  code: '42P01',
  detail: undefined,
  hint: undefined,
  position: '13',
  internalPosition: undefined,
  internalQuery: undefined,
  where: undefined,
  schema: undefined,
  table: undefined,
  column: undefined,
  dataType: undefined,
  constraint: undefined,
  file: 'parse_relation.c',
  line: '1180',
  routine: 'parserOpenTable'
}
Webhook Processing Start
Γ£à Webhook signature validated successfully
Γ£à Redis connections verified
Sending message status:  replied
wamid.HBgMOTE5NjQzMzkzODc0FQIAERgSQUE1QjVENUE4ODMxQjk5NzYwAA== message id
Sending req to set status
Contact:  { profile: { name: 'Adarsh Sharma' }, wa_id: '919643393874' }

----- OUTGOING REQUEST -----
URL: https://fastapione-gue2c5ecc9c4b8hy.centralindia-01.azurewebsites.net/set-status/
METHOD: POST
HEADERS SENT: Object [AxiosHeaders] {
  Accept: 'application/json, text/plain, */*',
  'Content-Type': 'application/json',
  'X-Tenant-Id': null,
  Authorization: 'Bearer eyJhbGciOiJIUzI1NiIsInR5cCI6IkpXVCJ9.eyJzdWIiOiJ3aGF0c2FwcF9ib3QiLCJ0ZW5hbnRfaWQiOiJhaSIsInJvbGUiOiJzeXN0ZW0iLCJ0aWVyIjoiZW50ZXJwcmlzZSIsInNjb3BlIjoic2VydmljZSIsImV4cCI6MjA1NDk3NDY2OX0.SLXxiBy00-NP9dBVcPl-9b5E0QtakNUajRKAjeXgFG8'
}
-----------------------------

Γ£à Analytics database connected

----- OUTGOING REQUEST -----
URL: https://django-faecdbgwhgepemec.canadacentral-01.azurewebsites.net/whatsapp_convo_post/919643393874/?source=whatsapp
METHOD: POST
HEADERS SENT: Object [AxiosHeaders] {
  Accept: 'application/json, text/plain, */*',
  'Content-Type': 'application/json',
  'X-Tenant-Id': 'ecdayvn',
  Authorization: 'Bearer eyJhbGciOiJIUzI1NiIsInR5cCI6IkpXVCJ9.eyJzdWIiOiJ3aGF0c2FwcF9ib3QiLCJ0ZW5hbnRfaWQiOiJhaSIsInJvbGUiOiJzeXN0ZW0iLCJ0aWVyIjoiZW50ZXJwcmlzZSIsInNjb3BlIjoic2VydmljZSIsImV4cCI6MjA1NDk3NDY2OX0.SLXxiBy00-NP9dBVcPl-9b5E0QtakNUajRKAjeXgFG8'
}
-----------------------------


----- OUTGOING REQUEST -----
URL: https://fastapione-gue2c5ecc9c4b8hy.centralindia-01.azurewebsites.net/notifications
METHOD: POST
HEADERS SENT: Object [AxiosHeaders] {
  Accept: 'application/json, text/plain, */*',
  'Content-Type': undefined,
  'X-Tenant-Id': 'ecdayvn',
  Authorization: 'Bearer eyJhbGciOiJIUzI1NiIsInR5cCI6IkpXVCJ9.eyJzdWIiOiJ3aGF0c2FwcF9ib3QiLCJ0ZW5hbnRfaWQiOiJhaSIsInJvbGUiOiJzeXN0ZW0iLCJ0aWVyIjoiZW50ZXJwcmlzZSIsInNjb3BlIjoic2VydmljZSIsImV4cCI6MjA1NDk3NDY2OX0.SLXxiBy00-NP9dBVcPl-9b5E0QtakNUajRKAjeXgFG8'
}
-----------------------------


----- OUTGOING REQUEST -----
URL: https://django-faecdbgwhgepemec.canadacentral-01.azurewebsites.net/update-last-seen/919643393874/replied
METHOD: PATCH
HEADERS SENT: Object [AxiosHeaders] {
  Accept: 'application/json, text/plain, */*',
  'Content-Type': undefined,
  bpid: '633229189882626',
  Authorization: 'Bearer eyJhbGciOiJIUzI1NiIsInR5cCI6IkpXVCJ9.eyJzdWIiOiJ3aGF0c2FwcF9ib3QiLCJ0ZW5hbnRfaWQiOiJhaSIsInJvbGUiOiJzeXN0ZW0iLCJ0aWVyIjoiZW50ZXJwcmlzZSIsInNjb3BlIjoic2VydmljZSIsImV4cCI6MjA1NDk3NDY2OX0.SLXxiBy00-NP9dBVcPl-9b5E0QtakNUajRKAjeXgFG8'
}
-----------------------------


----- OUTGOING REQUEST -----
URL: https://graph.facebook.com/v18.0/633229189882626/messages
METHOD: POST
HEADERS SENT: Object [AxiosHeaders] {
  Accept: 'application/json, text/plain, */*',
  'Content-Type': undefined,
  Authorization: 'Bearer EAAVZBobCt7AcBO2GUmdSAwUj1kvGqVDyZBhKvf7teV8DfjIrHUhI8jZC7VOz2BSLHy4MjALe73DRmFBFpNzkCoVONSpof4cERZBM7zx26nZAYRbslYmZAv03comASiVh33o5ZCesZBC8Vh6vfpupM5ekcLP25ncpPZAxZCZAoe7yrnwNx2WImjdtpxLM8SG5wBKUxCOH5U50kXDSB1PYdEiYh70sXw1vBKpsuDPc22JhbAoOkCskprNAPGurHlPj13z'
}
-----------------------------

Error updating status: { detail: 'Missing required fields' }
Γ¥î Database query error: error: relation "message_events" does not exist
    at C:\Users\Adarsh\MyProject\Deployed_Finals\djangobackendaug2025\whatsapp_latest_final-mainjunk\whatsapp_bot_server_withclaude\node_modules\pg-pool\index.js:45:11
    at process.processTicksAndRejections (node:internal/process/task_queues:95:5)
    at async query (file:///C:/Users/Adarsh/MyProject/Deployed_Finals/djangobackendaug2025/whatsapp_latest_final-mainjunk/whatsapp_bot_server_withclaude/analytics/db.js:37:17)
    at async trackMessageStatus (file:///C:/Users/Adarsh/MyProject/Deployed_Finals/djangobackendaug2025/whatsapp_latest_final-mainjunk/whatsapp_bot_server_withclaude/analytics/tracker.js:155:26)
    at async file:///C:/Users/Adarsh/MyProject/Deployed_Finals/djangobackendaug2025/whatsapp_latest_final-mainjunk/whatsapp_bot_server_withclaude/routes/webhookRoute.js:712:11 {
  length: 113,
  severity: 'ERROR',
  code: '42P01',
  detail: undefined,
  hint: undefined,
  position: '23',
  internalPosition: undefined,
  internalQuery: undefined,
  where: undefined,
  schema: undefined,
  table: undefined,
  column: undefined,
  dataType: undefined,
  constraint: undefined,
  file: 'parse_relation.c',
  line: '1180',
  routine: 'parserOpenTable'
}
Γ¥î [Analytics] Error tracking message status: error: relation "message_events" does not exist
    at C:\Users\Adarsh\MyProject\Deployed_Finals\djangobackendaug2025\whatsapp_latest_final-mainjunk\whatsapp_bot_server_withclaude\node_modules\pg-pool\index.js:45:11
    at process.processTicksAndRejections (node:internal/process/task_queues:95:5)
    at async query (file:///C:/Users/Adarsh/MyProject/Deployed_Finals/djangobackendaug2025/whatsapp_latest_final-mainjunk/whatsapp_bot_server_withclaude/analytics/db.js:37:17)
    at async trackMessageStatus (file:///C:/Users/Adarsh/MyProject/Deployed_Finals/djangobackendaug2025/whatsapp_latest_final-mainjunk/whatsapp_bot_server_withclaude/analytics/tracker.js:155:26)
    at async file:///C:/Users/Adarsh/MyProject/Deployed_Finals/djangobackendaug2025/whatsapp_latest_final-mainjunk/whatsapp_bot_server_withclaude/routes/webhookRoute.js:712:11 {
  length: 113,
  severity: 'ERROR',
  code: '42P01',
  detail: undefined,
  hint: undefined,
  position: '23',
  internalPosition: undefined,
  internalQuery: undefined,
  where: undefined,
  schema: undefined,
  table: undefined,
  column: undefined,
  dataType: undefined,
  constraint: undefined,
  file: 'parse_relation.c',
  line: '1180',
  routine: 'parserOpenTable'
}
Webhook Processing Complete
Response updating last seen:  { success: true, message: 'Update accepted' }
handleInput called with value: Main Menu
No valid inputVariable found, skipping API call.
Returning updated userSession:
Using adjacency list navigation (legacy)
Found in nextNode array, advanced to: 10
≡ƒöº BUTTON CLICK: Auto-advancing through button_element node 10
≡ƒöº Auto-advanced from button_element 10 to target 11
Session saved before sending node message
Webhook processing completed successfully
Current Node:  11  | Flow Version: 1
flowlfolwolfowl:  {
  id: 11,
  body: 'Hey there, snack lover! ≡ƒæï IΓÇÖm Tryo your official LetΓÇÖs Try tasting assistant. Craving something crunchy, healthy, or spicy?',
  type: 'Button'
}
message b4 replacement:  Hey there, snack lover! ≡ƒæï IΓÇÖm Tryo your official LetΓÇÖs Try tasting assistant. Craving something crunchy, healthy, or spicy?
MEssage after replacing:  Hey there, snack lover! ≡ƒæï IΓÇÖm Tryo your official LetΓÇÖs Try tasting assistant. Craving something crunchy, healthy, or spicy?
Information for buttons:  [ 12, 13, 14 ] Hey there, snack lover! ≡ƒæï IΓÇÖm Tryo your official LetΓÇÖs Try tasting assistant. Craving something crunchy, healthy, or spicy?
button_row: [
  { type: 'reply', reply: { id: 12, title: 'I want snacks ≡ƒºÇ' } },
  { type: 'reply', reply: { id: 13, title: 'View Bestseller ≡ƒöÄ' } },
  { type: 'reply', reply: { id: 14, title: 'Track my Order ≡ƒÄü' } }
]
Sending message to: 919643393874
Sending Message

----- OUTGOING REQUEST -----
URL: https://graph.facebook.com/v18.0/633229189882626/messages
METHOD: POST
HEADERS SENT: Object [AxiosHeaders] {
  Accept: 'application/json, text/plain, */*',
  'Content-Type': undefined,
  Authorization: 'Bearer EAAVZBobCt7AcBO2GUmdSAwUj1kvGqVDyZBhKvf7teV8DfjIrHUhI8jZC7VOz2BSLHy4MjALe73DRmFBFpNzkCoVONSpof4cERZBM7zx26nZAYRbslYmZAv03comASiVh33o5ZCesZBC8Vh6vfpupM5ekcLP25ncpPZAxZCZAoe7yrnwNx2WImjdtpxLM8SG5wBKUxCOH5U50kXDSB1PYdEiYh70sXw1vBKpsuDPc22JhbAoOkCskprNAPGurHlPj13z'
}
-----------------------------

Γ£à Analytics database connected
Message sent successfully: {
  messaging_product: 'whatsapp',
  contacts: [ { input: '919643393874', wa_id: '919643393874' } ],
  messages: [
    {
      id: 'wamid.HBgMOTE5NjQzMzkzODc0FQIAERgSQ0Y3QUQyRjJCNEQ3RkU5REREAA=='
    }
  ]
}
Tenant sent in send-message:  ecdayvn
Γ¥î Database query error: error: relation "message_events" does not exist
    at C:\Users\Adarsh\MyProject\Deployed_Finals\djangobackendaug2025\whatsapp_latest_final-mainjunk\whatsapp_bot_server_withclaude\node_modules\pg-pool\index.js:45:11
    at process.processTicksAndRejections (node:internal/process/task_queues:95:5)
    at async query (file:///C:/Users/Adarsh/MyProject/Deployed_Finals/djangobackendaug2025/whatsapp_latest_final-mainjunk/whatsapp_bot_server_withclaude/analytics/db.js:37:17)
    at async trackMessageStatus (file:///C:/Users/Adarsh/MyProject/Deployed_Finals/djangobackendaug2025/whatsapp_latest_final-mainjunk/whatsapp_bot_server_withclaude/analytics/tracker.js:155:26)
    at async file:///C:/Users/Adarsh/MyProject/Deployed_Finals/djangobackendaug2025/whatsapp_latest_final-mainjunk/whatsapp_bot_server_withclaude/routes/webhookRoute.js:694:11 {
  length: 113,
  severity: 'ERROR',
  code: '42P01',
  detail: undefined,
  hint: undefined,
  position: '23',
  internalPosition: undefined,
  internalQuery: undefined,
  where: undefined,
  schema: undefined,
  table: undefined,
  column: undefined,
  dataType: undefined,
  constraint: undefined,
  file: 'parse_relation.c',
  line: '1180',
  routine: 'parserOpenTable'
}
Γ¥î [Analytics] Error tracking message status: error: relation "message_events" does not exist
    at C:\Users\Adarsh\MyProject\Deployed_Finals\djangobackendaug2025\whatsapp_latest_final-mainjunk\whatsapp_bot_server_withclaude\node_modules\pg-pool\index.js:45:11
    at process.processTicksAndRejections (node:internal/process/task_queues:95:5)
    at async query (file:///C:/Users/Adarsh/MyProject/Deployed_Finals/djangobackendaug2025/whatsapp_latest_final-mainjunk/whatsapp_bot_server_withclaude/analytics/db.js:37:17)
    at async trackMessageStatus (file:///C:/Users/Adarsh/MyProject/Deployed_Finals/djangobackendaug2025/whatsapp_latest_final-mainjunk/whatsapp_bot_server_withclaude/analytics/tracker.js:155:26)
    at async file:///C:/Users/Adarsh/MyProject/Deployed_Finals/djangobackendaug2025/whatsapp_latest_final-mainjunk/whatsapp_bot_server_withclaude/routes/webhookRoute.js:694:11 {
  length: 113,
  severity: 'ERROR',
  code: '42P01',
  detail: undefined,
  hint: undefined,
  position: '23',
  internalPosition: undefined,
  internalQuery: undefined,
  where: undefined,
  schema: undefined,
  table: undefined,
  column: undefined,
  dataType: undefined,
  constraint: undefined,
  file: 'parse_relation.c',
  line: '1180',
  routine: 'parserOpenTable'
}
Webhook Processing Complete
Webhook Processing Start
Γ£à Webhook signature validated successfully
Webhook Processing Complete
Γ£à Analytics database connected
Γ¥î Database query error: error: relation "message_events" does not exist
    at C:\Users\Adarsh\MyProject\Deployed_Finals\djangobackendaug2025\whatsapp_latest_final-mainjunk\whatsapp_bot_server_withclaude\node_modules\pg-pool\index.js:45:11
    at process.processTicksAndRejections (node:internal/process/task_queues:95:5)
    at async query (file:///C:/Users/Adarsh/MyProject/Deployed_Finals/djangobackendaug2025/whatsapp_latest_final-mainjunk/whatsapp_bot_server_withclaude/analytics/db.js:37:17)
    at async trackMessageSend (file:///C:/Users/Adarsh/MyProject/Deployed_Finals/djangobackendaug2025/whatsapp_latest_final-mainjunk/whatsapp_bot_server_withclaude/analytics/tracker.js:49:20)
    at async sendMessage (file:///C:/Users/Adarsh/MyProject/Deployed_Finals/djangobackendaug2025/whatsapp_latest_final-mainjunk/whatsapp_bot_server_withclaude/send-message.js:48:17)
    at async processNodeLegacy (file:///C:/Users/Adarsh/MyProject/Deployed_Finals/djangobackendaug2025/whatsapp_latest_final-mainjunk/whatsapp_bot_server_withclaude/mainwebhook/snm.js:431:17)
    at async sendNodeMessage (file:///C:/Users/Adarsh/MyProject/Deployed_Finals/djangobackendaug2025/whatsapp_latest_final-mainjunk/whatsapp_bot_server_withclaude/mainwebhook/snm.js:260:13) {
  length: 113,
  severity: 'ERROR',
  code: '42P01',
  detail: undefined,
  hint: undefined,
  position: '20',
  internalPosition: undefined,
  internalQuery: undefined,
  where: undefined,
  schema: undefined,
  table: undefined,
  column: undefined,
  dataType: undefined,
  constraint: undefined,
  file: 'parse_relation.c',
  line: '1180',
  routine: 'parserOpenTable'
}
Γ¥î [Analytics] Error tracking message send: error: relation "message_events" does not exist
    at C:\Users\Adarsh\MyProject\Deployed_Finals\djangobackendaug2025\whatsapp_latest_final-mainjunk\whatsapp_bot_server_withclaude\node_modules\pg-pool\index.js:45:11
    at process.processTicksAndRejections (node:internal/process/task_queues:95:5)
    at async query (file:///C:/Users/Adarsh/MyProject/Deployed_Finals/djangobackendaug2025/whatsapp_latest_final-mainjunk/whatsapp_bot_server_withclaude/analytics/db.js:37:17)
    at async trackMessageSend (file:///C:/Users/Adarsh/MyProject/Deployed_Finals/djangobackendaug2025/whatsapp_latest_final-mainjunk/whatsapp_bot_server_withclaude/analytics/tracker.js:49:20)
    at async sendMessage (file:///C:/Users/Adarsh/MyProject/Deployed_Finals/djangobackendaug2025/whatsapp_latest_final-mainjunk/whatsapp_bot_server_withclaude/send-message.js:48:17)
    at async processNodeLegacy (file:///C:/Users/Adarsh/MyProject/Deployed_Finals/djangobackendaug2025/whatsapp_latest_final-mainjunk/whatsapp_bot_server_withclaude/mainwebhook/snm.js:431:17)
    at async sendNodeMessage (file:///C:/Users/Adarsh/MyProject/Deployed_Finals/djangobackendaug2025/whatsapp_latest_final-mainjunk/whatsapp_bot_server_withclaude/mainwebhook/snm.js:260:13) {
  length: 113,
  severity: 'ERROR',
  code: '42P01',
  detail: undefined,
  hint: undefined,
  position: '20',
  internalPosition: undefined,
  internalQuery: undefined,
  where: undefined,
  schema: undefined,
  table: undefined,
  column: undefined,
  dataType: undefined,
  constraint: undefined,
  file: 'parse_relation.c',
  line: '1180',
  routine: 'parserOpenTable'
}
Emitted Node Message

----- OUTGOING REQUEST -----
URL: https://django-faecdbgwhgepemec.canadacentral-01.azurewebsites.net/whatsapp_convo_post/919643393874/?source=whatsapp
METHOD: POST
HEADERS SENT: Object [AxiosHeaders] {
  Accept: 'application/json, text/plain, */*',
  'Content-Type': 'application/json',
  'X-Tenant-Id': 'ecdayvn',
  Authorization: 'Bearer eyJhbGciOiJIUzI1NiIsInR5cCI6IkpXVCJ9.eyJzdWIiOiJ3aGF0c2FwcF9ib3QiLCJ0ZW5hbnRfaWQiOiJhaSIsInJvbGUiOiJzeXN0ZW0iLCJ0aWVyIjoiZW50ZXJwcmlzZSIsInNjb3BlIjoic2VydmljZSIsImV4cCI6MjA1NDk3NDY2OX0.SLXxiBy00-NP9dBVcPl-9b5E0QtakNUajRKAjeXgFG8'
}
-----------------------------

Updated Current Node:  11
Webhook Processing Start
Γ£à Webhook signature validated successfully
Delivered:  919643393874

----- OUTGOING REQUEST -----
URL: https://django-faecdbgwhgepemec.canadacentral-01.azurewebsites.net/individual_message_statistics/
METHOD: POST
HEADERS SENT: Object [AxiosHeaders] {
  Accept: 'application/json, text/plain, */*',
  'Content-Type': undefined,
  bpid: '633229189882626',
  Authorization: 'Bearer eyJhbGciOiJIUzI1NiIsInR5cCI6IkpXVCJ9.eyJzdWIiOiJ3aGF0c2FwcF9ib3QiLCJ0ZW5hbnRfaWQiOiJhaSIsInJvbGUiOiJzeXN0ZW0iLCJ0aWVyIjoiZW50ZXJwcmlzZSIsInNjb3BlIjoic2VydmljZSIsImV4cCI6MjA1NDk3NDY2OX0.SLXxiBy00-NP9dBVcPl-9b5E0QtakNUajRKAjeXgFG8'
}
-----------------------------


----- OUTGOING REQUEST -----
URL: https://django-faecdbgwhgepemec.canadacentral-01.azurewebsites.net/update-last-seen/919643393874/delivered
METHOD: PATCH
HEADERS SENT: Object [AxiosHeaders] {
  Accept: 'application/json, text/plain, */*',
  'Content-Type': undefined,
  bpid: '633229189882626',
  Authorization: 'Bearer eyJhbGciOiJIUzI1NiIsInR5cCI6IkpXVCJ9.eyJzdWIiOiJ3aGF0c2FwcF9ib3QiLCJ0ZW5hbnRfaWQiOiJhaSIsInJvbGUiOiJzeXN0ZW0iLCJ0aWVyIjoiZW50ZXJwcmlzZSIsInNjb3BlIjoic2VydmljZSIsImV4cCI6MjA1NDk3NDY2OX0.SLXxiBy00-NP9dBVcPl-9b5E0QtakNUajRKAjeXgFG8'
}
-----------------------------

Webhook Processing Start
Γ£à Webhook signature validated successfully

----- OUTGOING REQUEST -----
URL: https://django-faecdbgwhgepemec.canadacentral-01.azurewebsites.net/individual_message_statistics/
METHOD: POST
HEADERS SENT: Object [AxiosHeaders] {
  Accept: 'application/json, text/plain, */*',
  'Content-Type': undefined,
  bpid: '633229189882626',
  Authorization: 'Bearer eyJhbGciOiJIUzI1NiIsInR5cCI6IkpXVCJ9.eyJzdWIiOiJ3aGF0c2FwcF9ib3QiLCJ0ZW5hbnRfaWQiOiJhaSIsInJvbGUiOiJzeXN0ZW0iLCJ0aWVyIjoiZW50ZXJwcmlzZSIsInNjb3BlIjoic2VydmljZSIsImV4cCI6MjA1NDk3NDY2OX0.SLXxiBy00-NP9dBVcPl-9b5E0QtakNUajRKAjeXgFG8'
}
-----------------------------


----- OUTGOING REQUEST -----
URL: https://django-faecdbgwhgepemec.canadacentral-01.azurewebsites.net/update-last-seen/919643393874/seen
METHOD: PATCH
HEADERS SENT: Object [AxiosHeaders] {
  Accept: 'application/json, text/plain, */*',
  'Content-Type': undefined,
  bpid: '633229189882626',
  Authorization: 'Bearer eyJhbGciOiJIUzI1NiIsInR5cCI6IkpXVCJ9.eyJzdWIiOiJ3aGF0c2FwcF9ib3QiLCJ0ZW5hbnRfaWQiOiJhaSIsInJvbGUiOiJzeXN0ZW0iLCJ0aWVyIjoiZW50ZXJwcmlzZSIsInNjb3BlIjoic2VydmljZSIsImV4cCI6MjA1NDk3NDY2OX0.SLXxiBy00-NP9dBVcPl-9b5E0QtakNUajRKAjeXgFG8'
}
-----------------------------

Response updating last seen:  { success: true, message: 'Update accepted' }
Response updating last seen:  { success: true, message: 'Update accepted' }
ΓÜá∩╕Å  Redis not available - getTemplateName called in local mode
Γ£à Analytics database connected
Γ¥î Database query error: error: relation "message_events" does not exist
    at C:\Users\Adarsh\MyProject\Deployed_Finals\djangobackendaug2025\whatsapp_latest_final-mainjunk\whatsapp_bot_server_withclaude\node_modules\pg-pool\index.js:45:11
    at process.processTicksAndRejections (node:internal/process/task_queues:95:5)
    at async query (file:///C:/Users/Adarsh/MyProject/Deployed_Finals/djangobackendaug2025/whatsapp_latest_final-mainjunk/whatsapp_bot_server_withclaude/analytics/db.js:37:17)
    at async updateMessageEvent (file:///C:/Users/Adarsh/MyProject/Deployed_Finals/djangobackendaug2025/whatsapp_latest_final-mainjunk/whatsapp_bot_server_withclaude/analytics/tracker.js:95:20)
    at async trackMessageStatus (file:///C:/Users/Adarsh/MyProject/Deployed_Finals/djangobackendaug2025/whatsapp_latest_final-mainjunk/whatsapp_bot_server_withclaude/analytics/tracker.js:152:5)
    at async file:///C:/Users/Adarsh/MyProject/Deployed_Finals/djangobackendaug2025/whatsapp_latest_final-mainjunk/whatsapp_bot_server_withclaude/routes/webhookRoute.js:712:11 {
  length: 113,
  severity: 'ERROR',
  code: '42P01',
  detail: undefined,
  hint: undefined,
  position: '13',
  internalPosition: undefined,
  internalQuery: undefined,
  where: undefined,
  schema: undefined,
  table: undefined,
  column: undefined,
  dataType: undefined,
  constraint: undefined,
  file: 'parse_relation.c',
  line: '1180',
  routine: 'parserOpenTable'
}
Γ¥î [Analytics] Error updating message event: error: relation "message_events" does not exist
    at C:\Users\Adarsh\MyProject\Deployed_Finals\djangobackendaug2025\whatsapp_latest_final-mainjunk\whatsapp_bot_server_withclaude\node_modules\pg-pool\index.js:45:11
    at process.processTicksAndRejections (node:internal/process/task_queues:95:5)
    at async query (file:///C:/Users/Adarsh/MyProject/Deployed_Finals/djangobackendaug2025/whatsapp_latest_final-mainjunk/whatsapp_bot_server_withclaude/analytics/db.js:37:17)
    at async updateMessageEvent (file:///C:/Users/Adarsh/MyProject/Deployed_Finals/djangobackendaug2025/whatsapp_latest_final-mainjunk/whatsapp_bot_server_withclaude/analytics/tracker.js:95:20)
    at async trackMessageStatus (file:///C:/Users/Adarsh/MyProject/Deployed_Finals/djangobackendaug2025/whatsapp_latest_final-mainjunk/whatsapp_bot_server_withclaude/analytics/tracker.js:152:5)
    at async file:///C:/Users/Adarsh/MyProject/Deployed_Finals/djangobackendaug2025/whatsapp_latest_final-mainjunk/whatsapp_bot_server_withclaude/routes/webhookRoute.js:712:11 {
  length: 113,
  severity: 'ERROR',
  code: '42P01',
  detail: undefined,
  hint: undefined,
  position: '13',
  internalPosition: undefined,
  internalQuery: undefined,
  where: undefined,
  schema: undefined,
  table: undefined,
  column: undefined,
  dataType: undefined,
  constraint: undefined,
  file: 'parse_relation.c',
  line: '1180',
  routine: 'parserOpenTable'
}
Γ£à Analytics database connected
Γ¥î Database query error: error: relation "message_events" does not exist
    at C:\Users\Adarsh\MyProject\Deployed_Finals\djangobackendaug2025\whatsapp_latest_final-mainjunk\whatsapp_bot_server_withclaude\node_modules\pg-pool\index.js:45:11
    at process.processTicksAndRejections (node:internal/process/task_queues:95:5)
    at async query (file:///C:/Users/Adarsh/MyProject/Deployed_Finals/djangobackendaug2025/whatsapp_latest_final-mainjunk/whatsapp_bot_server_withclaude/analytics/db.js:37:17)
    at async updateMessageEvent (file:///C:/Users/Adarsh/MyProject/Deployed_Finals/djangobackendaug2025/whatsapp_latest_final-mainjunk/whatsapp_bot_server_withclaude/analytics/tracker.js:95:20)
    at async trackMessageStatus (file:///C:/Users/Adarsh/MyProject/Deployed_Finals/djangobackendaug2025/whatsapp_latest_final-mainjunk/whatsapp_bot_server_withclaude/analytics/tracker.js:152:5)
    at async file:///C:/Users/Adarsh/MyProject/Deployed_Finals/djangobackendaug2025/whatsapp_latest_final-mainjunk/whatsapp_bot_server_withclaude/routes/webhookRoute.js:694:11 {
  length: 113,
  severity: 'ERROR',
  code: '42P01',
  detail: undefined,
  hint: undefined,
  position: '13',
  internalPosition: undefined,
  internalQuery: undefined,
  where: undefined,
  schema: undefined,
  table: undefined,
  column: undefined,
  dataType: undefined,
  constraint: undefined,
  file: 'parse_relation.c',
  line: '1180',
  routine: 'parserOpenTable'
}
Γ¥î [Analytics] Error updating message event: error: relation "message_events" does not exist
    at C:\Users\Adarsh\MyProject\Deployed_Finals\djangobackendaug2025\whatsapp_latest_final-mainjunk\whatsapp_bot_server_withclaude\node_modules\pg-pool\index.js:45:11
    at process.processTicksAndRejections (node:internal/process/task_queues:95:5)
    at async query (file:///C:/Users/Adarsh/MyProject/Deployed_Finals/djangobackendaug2025/whatsapp_latest_final-mainjunk/whatsapp_bot_server_withclaude/analytics/db.js:37:17)
    at async updateMessageEvent (file:///C:/Users/Adarsh/MyProject/Deployed_Finals/djangobackendaug2025/whatsapp_latest_final-mainjunk/whatsapp_bot_server_withclaude/analytics/tracker.js:95:20)
    at async trackMessageStatus (file:///C:/Users/Adarsh/MyProject/Deployed_Finals/djangobackendaug2025/whatsapp_latest_final-mainjunk/whatsapp_bot_server_withclaude/analytics/tracker.js:152:5)
    at async file:///C:/Users/Adarsh/MyProject/Deployed_Finals/djangobackendaug2025/whatsapp_latest_final-mainjunk/whatsapp_bot_server_withclaude/routes/webhookRoute.js:694:11 {
  length: 113,
  severity: 'ERROR',
  code: '42P01',
  detail: undefined,
  hint: undefined,
  position: '13',
  internalPosition: undefined,
  internalQuery: undefined,
  where: undefined,
  schema: undefined,
  table: undefined,
  column: undefined,
  dataType: undefined,
  constraint: undefined,
  file: 'parse_relation.c',
  line: '1180',
  routine: 'parserOpenTable'
}
Γ£à Analytics database connected
Γ¥î Database query error: error: relation "message_events" does not exist
    at C:\Users\Adarsh\MyProject\Deployed_Finals\djangobackendaug2025\whatsapp_latest_final-mainjunk\whatsapp_bot_server_withclaude\node_modules\pg-pool\index.js:45:11
    at process.processTicksAndRejections (node:internal/process/task_queues:95:5)
    at async query (file:///C:/Users/Adarsh/MyProject/Deployed_Finals/djangobackendaug2025/whatsapp_latest_final-mainjunk/whatsapp_bot_server_withclaude/analytics/db.js:37:17)
    at async trackMessageStatus (file:///C:/Users/Adarsh/MyProject/Deployed_Finals/djangobackendaug2025/whatsapp_latest_final-mainjunk/whatsapp_bot_server_withclaude/analytics/tracker.js:155:26)
    at async file:///C:/Users/Adarsh/MyProject/Deployed_Finals/djangobackendaug2025/whatsapp_latest_final-mainjunk/whatsapp_bot_server_withclaude/routes/webhookRoute.js:712:11 {
  length: 113,
  severity: 'ERROR',
  code: '42P01',
  detail: undefined,
  hint: undefined,
  position: '23',
  internalPosition: undefined,
  internalQuery: undefined,
  where: undefined,
  schema: undefined,
  table: undefined,
  column: undefined,
  dataType: undefined,
  constraint: undefined,
  file: 'parse_relation.c',
  line: '1180',
  routine: 'parserOpenTable'
}
Γ¥î [Analytics] Error tracking message status: error: relation "message_events" does not exist
    at C:\Users\Adarsh\MyProject\Deployed_Finals\djangobackendaug2025\whatsapp_latest_final-mainjunk\whatsapp_bot_server_withclaude\node_modules\pg-pool\index.js:45:11
    at process.processTicksAndRejections (node:internal/process/task_queues:95:5)
    at async query (file:///C:/Users/Adarsh/MyProject/Deployed_Finals/djangobackendaug2025/whatsapp_latest_final-mainjunk/whatsapp_bot_server_withclaude/analytics/db.js:37:17)
    at async trackMessageStatus (file:///C:/Users/Adarsh/MyProject/Deployed_Finals/djangobackendaug2025/whatsapp_latest_final-mainjunk/whatsapp_bot_server_withclaude/analytics/tracker.js:155:26)
    at async file:///C:/Users/Adarsh/MyProject/Deployed_Finals/djangobackendaug2025/whatsapp_latest_final-mainjunk/whatsapp_bot_server_withclaude/routes/webhookRoute.js:712:11 {
  length: 113,
  severity: 'ERROR',
  code: '42P01',
  detail: undefined,
  hint: undefined,
  position: '23',
  internalPosition: undefined,
  internalQuery: undefined,
  where: undefined,
  schema: undefined,
  table: undefined,
  column: undefined,
  dataType: undefined,
  constraint: undefined,
  file: 'parse_relation.c',
  line: '1180',
  routine: 'parserOpenTable'
}
Webhook Processing Complete
Γ£à Analytics database connected
Γ¥î Database query error: error: relation "message_events" does not exist
    at C:\Users\Adarsh\MyProject\Deployed_Finals\djangobackendaug2025\whatsapp_latest_final-mainjunk\whatsapp_bot_server_withclaude\node_modules\pg-pool\index.js:45:11
    at process.processTicksAndRejections (node:internal/process/task_queues:95:5)
    at async query (file:///C:/Users/Adarsh/MyProject/Deployed_Finals/djangobackendaug2025/whatsapp_latest_final-mainjunk/whatsapp_bot_server_withclaude/analytics/db.js:37:17)
    at async trackMessageStatus (file:///C:/Users/Adarsh/MyProject/Deployed_Finals/djangobackendaug2025/whatsapp_latest_final-mainjunk/whatsapp_bot_server_withclaude/analytics/tracker.js:155:26)
    at async file:///C:/Users/Adarsh/MyProject/Deployed_Finals/djangobackendaug2025/whatsapp_latest_final-mainjunk/whatsapp_bot_server_withclaude/routes/webhookRoute.js:694:11 {
  length: 113,
  severity: 'ERROR',
  code: '42P01',
  detail: undefined,
  hint: undefined,
  position: '23',
  internalPosition: undefined,
  internalQuery: undefined,
  where: undefined,
  schema: undefined,
  table: undefined,
  column: undefined,
  dataType: undefined,
  constraint: undefined,
  file: 'parse_relation.c',
  line: '1180',
  routine: 'parserOpenTable'
}
Γ¥î [Analytics] Error tracking message status: error: relation "message_events" does not exist
    at C:\Users\Adarsh\MyProject\Deployed_Finals\djangobackendaug2025\whatsapp_latest_final-mainjunk\whatsapp_bot_server_withclaude\node_modules\pg-pool\index.js:45:11
    at process.processTicksAndRejections (node:internal/process/task_queues:95:5)
    at async query (file:///C:/Users/Adarsh/MyProject/Deployed_Finals/djangobackendaug2025/whatsapp_latest_final-mainjunk/whatsapp_bot_server_withclaude/analytics/db.js:37:17)
    at async trackMessageStatus (file:///C:/Users/Adarsh/MyProject/Deployed_Finals/djangobackendaug2025/whatsapp_latest_final-mainjunk/whatsapp_bot_server_withclaude/analytics/tracker.js:155:26)
    at async file:///C:/Users/Adarsh/MyProject/Deployed_Finals/djangobackendaug2025/whatsapp_latest_final-mainjunk/whatsapp_bot_server_withclaude/routes/webhookRoute.js:694:11 {
  length: 113,
  severity: 'ERROR',
  code: '42P01',
  detail: undefined,
  hint: undefined,
  position: '23',
  internalPosition: undefined,
  internalQuery: undefined,
  where: undefined,
  schema: undefined,
  table: undefined,
  column: undefined,
  dataType: undefined,
  constraint: undefined,
  file: 'parse_relation.c',
  line: '1180',
  routine: 'parserOpenTable'
}
Webhook Processing Complete
Webhook Processing Start
Γ£à Webhook signature validated successfully
Contact:  { profile: { name: 'Adarsh Sharma' }, wa_id: '919643393874' }
Γ£à Redis connections verified
Contact:  { profile: { name: 'Adarsh Sharma' }, wa_id: '919643393874' }

----- OUTGOING REQUEST -----
URL: https://django-faecdbgwhgepemec.canadacentral-01.azurewebsites.net/whatsapp_convo_post/919643393874/?source=whatsapp
METHOD: POST
HEADERS SENT: Object [AxiosHeaders] {
  Accept: 'application/json, text/plain, */*',
  'Content-Type': 'application/json',
  'X-Tenant-Id': 'cetjjck',
  Authorization: 'Bearer eyJhbGciOiJIUzI1NiIsInR5cCI6IkpXVCJ9.eyJzdWIiOiJ3aGF0c2FwcF9ib3QiLCJ0ZW5hbnRfaWQiOiJhaSIsInJvbGUiOiJzeXN0ZW0iLCJ0aWVyIjoiZW50ZXJwcmlzZSIsInNjb3BlIjoic2VydmljZSIsImV4cCI6MjA1NDk3NDY2OX0.SLXxiBy00-NP9dBVcPl-9b5E0QtakNUajRKAjeXgFG8'
}
-----------------------------


----- OUTGOING REQUEST -----
URL: https://fastapione-gue2c5ecc9c4b8hy.centralindia-01.azurewebsites.net/notifications
METHOD: POST
HEADERS SENT: Object [AxiosHeaders] {
  Accept: 'application/json, text/plain, */*',
  'Content-Type': undefined,
  'X-Tenant-Id': 'cetjjck',
  Authorization: 'Bearer eyJhbGciOiJIUzI1NiIsInR5cCI6IkpXVCJ9.eyJzdWIiOiJ3aGF0c2FwcF9ib3QiLCJ0ZW5hbnRfaWQiOiJhaSIsInJvbGUiOiJzeXN0ZW0iLCJ0aWVyIjoiZW50ZXJwcmlzZSIsInNjb3BlIjoic2VydmljZSIsImV4cCI6MjA1NDk3NDY2OX0.SLXxiBy00-NP9dBVcPl-9b5E0QtakNUajRKAjeXgFG8'
}
-----------------------------


----- OUTGOING REQUEST -----
URL: https://django-faecdbgwhgepemec.canadacentral-01.azurewebsites.net/update-last-seen/919643393874/replied
METHOD: PATCH
HEADERS SENT: Object [AxiosHeaders] {
  Accept: 'application/json, text/plain, */*',
  'Content-Type': undefined,
  bpid: '679698821892367',
  Authorization: 'Bearer eyJhbGciOiJIUzI1NiIsInR5cCI6IkpXVCJ9.eyJzdWIiOiJ3aGF0c2FwcF9ib3QiLCJ0ZW5hbnRfaWQiOiJhaSIsInJvbGUiOiJzeXN0ZW0iLCJ0aWVyIjoiZW50ZXJwcmlzZSIsInNjb3BlIjoic2VydmljZSIsImV4cCI6MjA1NDk3NDY2OX0.SLXxiBy00-NP9dBVcPl-9b5E0QtakNUajRKAjeXgFG8'
}
-----------------------------


----- OUTGOING REQUEST -----
URL: https://graph.facebook.com/v18.0/679698821892367/messages
METHOD: POST
HEADERS SENT: Object [AxiosHeaders] {
  Accept: 'application/json, text/plain, */*',
  'Content-Type': undefined,
  Authorization: 'Bearer EAAVZBobCt7AcBO0sEMW5rOi5IZA0f0u3ZBPZACMShPAMZAkp1LIM4beNZBVTxEkpZA1XwLZCkFOvP6JQ8BbPAnmWFixhZBNP5rVXtc6QekTnNE2MV7Lbcvhv6r9n41oxK4QDGcSg6dCmEb3xKCdbqQ1XS4Urr0yyz7YQ7M1CjB1wz1ZCIDFlhHGXR0nmpbV17HXeCf5afBpEHxDlAAMPtk2MvykLHCRTorCFhuHTmTFwH1F3CCT9k6rI706RGW'
}
-----------------------------

handleInput called with value: Hello
Valid inputVariable detected: question4
Extracted user session details: {
  input_variable: 'question4',
  phone: '919643393874',
  flow_name: 'interviewdrishtee'
}
Stored value in userSession.api.POST[question4] = Hello
Cleared inputVariable after storing value
Constructed payload: {
  flow_name: 'interviewdrishtee',
  input_variable: 'question4',
  value: 'Hello',
  phone: '919643393874'
}
Sending data to API: https://django-faecdbgwhgepemec.canadacentral-01.azurewebsites.net/add-dynamic-data/
=== LEGACY MODE DEBUG ===
Current Node: 5
Node Type: Text
Next Node Array: [ 6 ]
Adjacency List: [[1],[2],[3],[5],[],[6],[7],[8],[9],[10],[11],[12],[13],[4],[0]]
========================
Before advancement: currNode=5, nextNode=6
After advancement: currNode=6, nextNode=7
Advanced from 5 to 6 after text input

----- OUTGOING REQUEST -----
URL: https://django-faecdbgwhgepemec.canadacentral-01.azurewebsites.net/add-dynamic-data/
METHOD: POST
HEADERS SENT: Object [AxiosHeaders] {
  Accept: 'application/json, text/plain, */*',
  'Content-Type': undefined,
  'X-Tenant-Id': 'cetjjck',
  Authorization: 'Bearer eyJhbGciOiJIUzI1NiIsInR5cCI6IkpXVCJ9.eyJzdWIiOiJ3aGF0c2FwcF9ib3QiLCJ0ZW5hbnRfaWQiOiJhaSIsInJvbGUiOiJzeXN0ZW0iLCJ0aWVyIjoiZW50ZXJwcmlzZSIsInNjb3BlIjoic2VydmljZSIsImV4cCI6MjA1NDk3NDY2OX0.SLXxiBy00-NP9dBVcPl-9b5E0QtakNUajRKAjeXgFG8'
}
-----------------------------

Session saved before sending node message
Webhook processing completed successfully
Current Node:  6  | Flow Version: 1
flowlfolwolfowl:  {
  id: 6,
  body: 'αñ«αÑêαñé αñ¿αñ»αñ╛ αñ½αñ╛αñ░αÑìαñ« αñ»αñ╛ αñÉαñ¬ αñªαÑéαñü αññαÑï αñåαñ¬ αñçαñ╕αÑç αñòαñ┐αñ╕αÑÇ αñ¿αñê αñ╕αñ╛αñÑαÑÇ αñòαÑï αñªαÑï αñ«αñ┐αñ¿αñƒ αñ«αÑçαñé αñòαÑêαñ╕αÑç αñ╕αñ┐αñûαñ╛αñÅαñüαñùαÑÇ, αññαñ░αÑÇαñòαñ╛ αñ╕αñ«αñ¥αñ╛αñçαñÅ',
  type: 'Text',
  variable: 'question5',
  variableType: 'question5'
}
message b4 replacement:  αñ«αÑêαñé αñ¿αñ»αñ╛ αñ½αñ╛αñ░αÑìαñ« αñ»αñ╛ αñÉαñ¬ αñªαÑéαñü αññαÑï αñåαñ¬ αñçαñ╕αÑç αñòαñ┐αñ╕αÑÇ αñ¿αñê αñ╕αñ╛αñÑαÑÇ αñòαÑï αñªαÑï αñ«αñ┐αñ¿αñƒ αñ«αÑçαñé αñòαÑêαñ╕αÑç αñ╕αñ┐αñûαñ╛αñÅαñüαñùαÑÇ, αññαñ░αÑÇαñòαñ╛ αñ╕αñ«αñ¥αñ╛αñçαñÅ
MEssage after replacing:  αñ«αÑêαñé αñ¿αñ»αñ╛ αñ½αñ╛αñ░αÑìαñ« αñ»αñ╛ αñÉαñ¬ αñªαÑéαñü αññαÑï αñåαñ¬ αñçαñ╕αÑç αñòαñ┐αñ╕αÑÇ αñ¿αñê αñ╕αñ╛αñÑαÑÇ αñòαÑï αñªαÑï αñ«αñ┐αñ¿αñƒ αñ«αÑçαñé αñòαÑêαñ╕αÑç αñ╕αñ┐αñûαñ╛αñÅαñüαñùαÑÇ, αññαñ░αÑÇαñòαñ╛ αñ╕αñ«αñ¥αñ╛αñçαñÅ
Sending message to: 919643393874
Sending Message

----- OUTGOING REQUEST -----
URL: https://graph.facebook.com/v18.0/679698821892367/messages
METHOD: POST
HEADERS SENT: Object [AxiosHeaders] {
  Accept: 'application/json, text/plain, */*',
  'Content-Type': undefined,
  Authorization: 'Bearer EAAVZBobCt7AcBO0sEMW5rOi5IZA0f0u3ZBPZACMShPAMZAkp1LIM4beNZBVTxEkpZA1XwLZCkFOvP6JQ8BbPAnmWFixhZBNP5rVXtc6QekTnNE2MV7Lbcvhv6r9n41oxK4QDGcSg6dCmEb3xKCdbqQ1XS4Urr0yyz7YQ7M1CjB1wz1ZCIDFlhHGXR0nmpbV17HXeCf5afBpEHxDlAAMPtk2MvykLHCRTorCFhuHTmTFwH1F3CCT9k6rI706RGW'
}
-----------------------------

Response updating last seen:  { success: true, message: 'Update accepted' }
Message sent successfully: {
  messaging_product: 'whatsapp',
  contacts: [ { input: '919643393874', wa_id: '919643393874' } ],
  messages: [
    {
      id: 'wamid.HBgMOTE5NjQzMzkzODc0FQIAERgSNzFDODY4RTgyQjEwODE3ODE0AA=='
    }
  ]
}
Tenant sent in send-message:  cetjjck
Data sent successfully! Response: { message: 'Success' }
Returning updated userSession:
Webhook Processing Start
Γ£à Webhook signature validated successfully
Webhook Processing Complete
Γ£à Analytics database connected
Γ¥î Database query error: error: relation "message_events" does not exist
    at C:\Users\Adarsh\MyProject\Deployed_Finals\djangobackendaug2025\whatsapp_latest_final-mainjunk\whatsapp_bot_server_withclaude\node_modules\pg-pool\index.js:45:11
    at process.processTicksAndRejections (node:internal/process/task_queues:95:5)
    at async query (file:///C:/Users/Adarsh/MyProject/Deployed_Finals/djangobackendaug2025/whatsapp_latest_final-mainjunk/whatsapp_bot_server_withclaude/analytics/db.js:37:17)
    at async trackMessageSend (file:///C:/Users/Adarsh/MyProject/Deployed_Finals/djangobackendaug2025/whatsapp_latest_final-mainjunk/whatsapp_bot_server_withclaude/analytics/tracker.js:49:20)
    at async sendMessage (file:///C:/Users/Adarsh/MyProject/Deployed_Finals/djangobackendaug2025/whatsapp_latest_final-mainjunk/whatsapp_bot_server_withclaude/send-message.js:48:17)
    at async processNodeLegacy (file:///C:/Users/Adarsh/MyProject/Deployed_Finals/djangobackendaug2025/whatsapp_latest_final-mainjunk/whatsapp_bot_server_withclaude/mainwebhook/snm.js:459:21)
    at async sendNodeMessage (file:///C:/Users/Adarsh/MyProject/Deployed_Finals/djangobackendaug2025/whatsapp_latest_final-mainjunk/whatsapp_bot_server_withclaude/mainwebhook/snm.js:260:13) {
  length: 113,
  severity: 'ERROR',
  code: '42P01',
  detail: undefined,
  hint: undefined,
  position: '20',
  internalPosition: undefined,
  internalQuery: undefined,
  where: undefined,
  schema: undefined,
  table: undefined,
  column: undefined,
  dataType: undefined,
  constraint: undefined,
  file: 'parse_relation.c',
  line: '1180',
  routine: 'parserOpenTable'
}
Γ¥î [Analytics] Error tracking message send: error: relation "message_events" does not exist
    at C:\Users\Adarsh\MyProject\Deployed_Finals\djangobackendaug2025\whatsapp_latest_final-mainjunk\whatsapp_bot_server_withclaude\node_modules\pg-pool\index.js:45:11
    at process.processTicksAndRejections (node:internal/process/task_queues:95:5)
    at async query (file:///C:/Users/Adarsh/MyProject/Deployed_Finals/djangobackendaug2025/whatsapp_latest_final-mainjunk/whatsapp_bot_server_withclaude/analytics/db.js:37:17)
    at async trackMessageSend (file:///C:/Users/Adarsh/MyProject/Deployed_Finals/djangobackendaug2025/whatsapp_latest_final-mainjunk/whatsapp_bot_server_withclaude/analytics/tracker.js:49:20)
    at async sendMessage (file:///C:/Users/Adarsh/MyProject/Deployed_Finals/djangobackendaug2025/whatsapp_latest_final-mainjunk/whatsapp_bot_server_withclaude/send-message.js:48:17)
    at async processNodeLegacy (file:///C:/Users/Adarsh/MyProject/Deployed_Finals/djangobackendaug2025/whatsapp_latest_final-mainjunk/whatsapp_bot_server_withclaude/mainwebhook/snm.js:459:21)
    at async sendNodeMessage (file:///C:/Users/Adarsh/MyProject/Deployed_Finals/djangobackendaug2025/whatsapp_latest_final-mainjunk/whatsapp_bot_server_withclaude/mainwebhook/snm.js:260:13) {
  length: 113,
  severity: 'ERROR',
  code: '42P01',
  detail: undefined,
  hint: undefined,
  position: '20',
  internalPosition: undefined,
  internalQuery: undefined,
  where: undefined,
  schema: undefined,
  table: undefined,
  column: undefined,
  dataType: undefined,
  constraint: undefined,
  file: 'parse_relation.c',
  line: '1180',
  routine: 'parserOpenTable'
}
Emitted Node Message

----- OUTGOING REQUEST -----
URL: https://django-faecdbgwhgepemec.canadacentral-01.azurewebsites.net/whatsapp_convo_post/919643393874/?source=whatsapp
METHOD: POST
HEADERS SENT: Object [AxiosHeaders] {
  Accept: 'application/json, text/plain, */*',
  'Content-Type': 'application/json',
  'X-Tenant-Id': 'cetjjck',
  Authorization: 'Bearer eyJhbGciOiJIUzI1NiIsInR5cCI6IkpXVCJ9.eyJzdWIiOiJ3aGF0c2FwcF9ib3QiLCJ0ZW5hbnRfaWQiOiJhaSIsInJvbGUiOiJzeXN0ZW0iLCJ0aWVyIjoiZW50ZXJwcmlzZSIsInNjb3BlIjoic2VydmljZSIsImV4cCI6MjA1NDk3NDY2OX0.SLXxiBy00-NP9dBVcPl-9b5E0QtakNUajRKAjeXgFG8'
}
-----------------------------

Updated Current Node:  6
Webhook Processing Start
Γ£à Webhook signature validated successfully

----- OUTGOING REQUEST -----
URL: https://django-faecdbgwhgepemec.canadacentral-01.azurewebsites.net/individual_message_statistics/
METHOD: POST
HEADERS SENT: Object [AxiosHeaders] {
  Accept: 'application/json, text/plain, */*',
  'Content-Type': undefined,
  bpid: '679698821892367',
  Authorization: 'Bearer eyJhbGciOiJIUzI1NiIsInR5cCI6IkpXVCJ9.eyJzdWIiOiJ3aGF0c2FwcF9ib3QiLCJ0ZW5hbnRfaWQiOiJhaSIsInJvbGUiOiJzeXN0ZW0iLCJ0aWVyIjoiZW50ZXJwcmlzZSIsInNjb3BlIjoic2VydmljZSIsImV4cCI6MjA1NDk3NDY2OX0.SLXxiBy00-NP9dBVcPl-9b5E0QtakNUajRKAjeXgFG8'
}
-----------------------------


----- OUTGOING REQUEST -----
URL: https://django-faecdbgwhgepemec.canadacentral-01.azurewebsites.net/update-last-seen/919643393874/seen
METHOD: PATCH
HEADERS SENT: Object [AxiosHeaders] {
  Accept: 'application/json, text/plain, */*',
  'Content-Type': undefined,
  bpid: '679698821892367',
  Authorization: 'Bearer eyJhbGciOiJIUzI1NiIsInR5cCI6IkpXVCJ9.eyJzdWIiOiJ3aGF0c2FwcF9ib3QiLCJ0ZW5hbnRfaWQiOiJhaSIsInJvbGUiOiJzeXN0ZW0iLCJ0aWVyIjoiZW50ZXJwcmlzZSIsInNjb3BlIjoic2VydmljZSIsImV4cCI6MjA1NDk3NDY2OX0.SLXxiBy00-NP9dBVcPl-9b5E0QtakNUajRKAjeXgFG8'
}
-----------------------------

Webhook Processing Start
Γ£à Webhook signature validated successfully
Delivered:  919643393874

----- OUTGOING REQUEST -----
URL: https://django-faecdbgwhgepemec.canadacentral-01.azurewebsites.net/individual_message_statistics/
METHOD: POST
HEADERS SENT: Object [AxiosHeaders] {
  Accept: 'application/json, text/plain, */*',
  'Content-Type': undefined,
  bpid: '679698821892367',
  Authorization: 'Bearer eyJhbGciOiJIUzI1NiIsInR5cCI6IkpXVCJ9.eyJzdWIiOiJ3aGF0c2FwcF9ib3QiLCJ0ZW5hbnRfaWQiOiJhaSIsInJvbGUiOiJzeXN0ZW0iLCJ0aWVyIjoiZW50ZXJwcmlzZSIsInNjb3BlIjoic2VydmljZSIsImV4cCI6MjA1NDk3NDY2OX0.SLXxiBy00-NP9dBVcPl-9b5E0QtakNUajRKAjeXgFG8'
}
-----------------------------


----- OUTGOING REQUEST -----
URL: https://django-faecdbgwhgepemec.canadacentral-01.azurewebsites.net/update-last-seen/919643393874/delivered
METHOD: PATCH
HEADERS SENT: Object [AxiosHeaders] {
  Accept: 'application/json, text/plain, */*',
  'Content-Type': undefined,
  bpid: '679698821892367',
  Authorization: 'Bearer eyJhbGciOiJIUzI1NiIsInR5cCI6IkpXVCJ9.eyJzdWIiOiJ3aGF0c2FwcF9ib3QiLCJ0ZW5hbnRfaWQiOiJhaSIsInJvbGUiOiJzeXN0ZW0iLCJ0aWVyIjoiZW50ZXJwcmlzZSIsInNjb3BlIjoic2VydmljZSIsImV4cCI6MjA1NDk3NDY2OX0.SLXxiBy00-NP9dBVcPl-9b5E0QtakNUajRKAjeXgFG8'
}
-----------------------------

Response updating last seen:  { success: true, message: 'Update accepted' }
ΓÜá∩╕Å  Redis not available - getTemplateName called in local mode
Response updating last seen:  { success: true, message: 'Update accepted' }
Γ£à Analytics database connected
Γ¥î Database query error: error: relation "message_events" does not exist
    at C:\Users\Adarsh\MyProject\Deployed_Finals\djangobackendaug2025\whatsapp_latest_final-mainjunk\whatsapp_bot_server_withclaude\node_modules\pg-pool\index.js:45:11
    at process.processTicksAndRejections (node:internal/process/task_queues:95:5)
    at async query (file:///C:/Users/Adarsh/MyProject/Deployed_Finals/djangobackendaug2025/whatsapp_latest_final-mainjunk/whatsapp_bot_server_withclaude/analytics/db.js:37:17)
    at async updateMessageEvent (file:///C:/Users/Adarsh/MyProject/Deployed_Finals/djangobackendaug2025/whatsapp_latest_final-mainjunk/whatsapp_bot_server_withclaude/analytics/tracker.js:95:20)
    at async trackMessageStatus (file:///C:/Users/Adarsh/MyProject/Deployed_Finals/djangobackendaug2025/whatsapp_latest_final-mainjunk/whatsapp_bot_server_withclaude/analytics/tracker.js:152:5)
    at async file:///C:/Users/Adarsh/MyProject/Deployed_Finals/djangobackendaug2025/whatsapp_latest_final-mainjunk/whatsapp_bot_server_withclaude/routes/webhookRoute.js:712:11 {
  length: 113,
  severity: 'ERROR',
  code: '42P01',
  detail: undefined,
  hint: undefined,
  position: '13',
  internalPosition: undefined,
  internalQuery: undefined,
  where: undefined,
  schema: undefined,
  table: undefined,
  column: undefined,
  dataType: undefined,
  constraint: undefined,
  file: 'parse_relation.c',
  line: '1180',
  routine: 'parserOpenTable'
}
Γ¥î [Analytics] Error updating message event: error: relation "message_events" does not exist
    at C:\Users\Adarsh\MyProject\Deployed_Finals\djangobackendaug2025\whatsapp_latest_final-mainjunk\whatsapp_bot_server_withclaude\node_modules\pg-pool\index.js:45:11
    at process.processTicksAndRejections (node:internal/process/task_queues:95:5)
    at async query (file:///C:/Users/Adarsh/MyProject/Deployed_Finals/djangobackendaug2025/whatsapp_latest_final-mainjunk/whatsapp_bot_server_withclaude/analytics/db.js:37:17)
    at async updateMessageEvent (file:///C:/Users/Adarsh/MyProject/Deployed_Finals/djangobackendaug2025/whatsapp_latest_final-mainjunk/whatsapp_bot_server_withclaude/analytics/tracker.js:95:20)
    at async trackMessageStatus (file:///C:/Users/Adarsh/MyProject/Deployed_Finals/djangobackendaug2025/whatsapp_latest_final-mainjunk/whatsapp_bot_server_withclaude/analytics/tracker.js:152:5)
    at async file:///C:/Users/Adarsh/MyProject/Deployed_Finals/djangobackendaug2025/whatsapp_latest_final-mainjunk/whatsapp_bot_server_withclaude/routes/webhookRoute.js:712:11 {
  length: 113,
  severity: 'ERROR',
  code: '42P01',
  detail: undefined,
  hint: undefined,
  position: '13',
  internalPosition: undefined,
  internalQuery: undefined,
  where: undefined,
  schema: undefined,
  table: undefined,
  column: undefined,
  dataType: undefined,
  constraint: undefined,
  file: 'parse_relation.c',
  line: '1180',
  routine: 'parserOpenTable'
}
Γ£à Analytics database connected
Γ¥î Database query error: error: relation "message_events" does not exist
    at C:\Users\Adarsh\MyProject\Deployed_Finals\djangobackendaug2025\whatsapp_latest_final-mainjunk\whatsapp_bot_server_withclaude\node_modules\pg-pool\index.js:45:11
    at process.processTicksAndRejections (node:internal/process/task_queues:95:5)
    at async query (file:///C:/Users/Adarsh/MyProject/Deployed_Finals/djangobackendaug2025/whatsapp_latest_final-mainjunk/whatsapp_bot_server_withclaude/analytics/db.js:37:17)
    at async updateMessageEvent (file:///C:/Users/Adarsh/MyProject/Deployed_Finals/djangobackendaug2025/whatsapp_latest_final-mainjunk/whatsapp_bot_server_withclaude/analytics/tracker.js:95:20)
    at async trackMessageStatus (file:///C:/Users/Adarsh/MyProject/Deployed_Finals/djangobackendaug2025/whatsapp_latest_final-mainjunk/whatsapp_bot_server_withclaude/analytics/tracker.js:152:5)
    at async file:///C:/Users/Adarsh/MyProject/Deployed_Finals/djangobackendaug2025/whatsapp_latest_final-mainjunk/whatsapp_bot_server_withclaude/routes/webhookRoute.js:694:11 {
  length: 113,
  severity: 'ERROR',
  code: '42P01',
  detail: undefined,
  hint: undefined,
  position: '13',
  internalPosition: undefined,
  internalQuery: undefined,
  where: undefined,
  schema: undefined,
  table: undefined,
  column: undefined,
  dataType: undefined,
  constraint: undefined,
  file: 'parse_relation.c',
  line: '1180',
  routine: 'parserOpenTable'
}
Γ¥î [Analytics] Error updating message event: error: relation "message_events" does not exist
    at C:\Users\Adarsh\MyProject\Deployed_Finals\djangobackendaug2025\whatsapp_latest_final-mainjunk\whatsapp_bot_server_withclaude\node_modules\pg-pool\index.js:45:11
    at process.processTicksAndRejections (node:internal/process/task_queues:95:5)
    at async query (file:///C:/Users/Adarsh/MyProject/Deployed_Finals/djangobackendaug2025/whatsapp_latest_final-mainjunk/whatsapp_bot_server_withclaude/analytics/db.js:37:17)
    at async updateMessageEvent (file:///C:/Users/Adarsh/MyProject/Deployed_Finals/djangobackendaug2025/whatsapp_latest_final-mainjunk/whatsapp_bot_server_withclaude/analytics/tracker.js:95:20)
    at async trackMessageStatus (file:///C:/Users/Adarsh/MyProject/Deployed_Finals/djangobackendaug2025/whatsapp_latest_final-mainjunk/whatsapp_bot_server_withclaude/analytics/tracker.js:152:5)
    at async file:///C:/Users/Adarsh/MyProject/Deployed_Finals/djangobackendaug2025/whatsapp_latest_final-mainjunk/whatsapp_bot_server_withclaude/routes/webhookRoute.js:694:11 {
  length: 113,
  severity: 'ERROR',
  code: '42P01',
  detail: undefined,
  hint: undefined,
  position: '13',
  internalPosition: undefined,
  internalQuery: undefined,
  where: undefined,
  schema: undefined,
  table: undefined,
  column: undefined,
  dataType: undefined,
  constraint: undefined,
  file: 'parse_relation.c',
  line: '1180',
  routine: 'parserOpenTable'
}
Γ£à Analytics database connected
Γ¥î Database query error: error: relation "message_events" does not exist
    at C:\Users\Adarsh\MyProject\Deployed_Finals\djangobackendaug2025\whatsapp_latest_final-mainjunk\whatsapp_bot_server_withclaude\node_modules\pg-pool\index.js:45:11
    at process.processTicksAndRejections (node:internal/process/task_queues:95:5)
    at async query (file:///C:/Users/Adarsh/MyProject/Deployed_Finals/djangobackendaug2025/whatsapp_latest_final-mainjunk/whatsapp_bot_server_withclaude/analytics/db.js:37:17)
    at async trackMessageStatus (file:///C:/Users/Adarsh/MyProject/Deployed_Finals/djangobackendaug2025/whatsapp_latest_final-mainjunk/whatsapp_bot_server_withclaude/analytics/tracker.js:155:26)
    at async file:///C:/Users/Adarsh/MyProject/Deployed_Finals/djangobackendaug2025/whatsapp_latest_final-mainjunk/whatsapp_bot_server_withclaude/routes/webhookRoute.js:712:11 {
  length: 113,
  severity: 'ERROR',
  code: '42P01',
  detail: undefined,
  hint: undefined,
  position: '23',
  internalPosition: undefined,
  internalQuery: undefined,
  where: undefined,
  schema: undefined,
  table: undefined,
  column: undefined,
  dataType: undefined,
  constraint: undefined,
  file: 'parse_relation.c',
  line: '1180',
  routine: 'parserOpenTable'
}
Γ¥î [Analytics] Error tracking message status: error: relation "message_events" does not exist
    at C:\Users\Adarsh\MyProject\Deployed_Finals\djangobackendaug2025\whatsapp_latest_final-mainjunk\whatsapp_bot_server_withclaude\node_modules\pg-pool\index.js:45:11
    at process.processTicksAndRejections (node:internal/process/task_queues:95:5)
    at async query (file:///C:/Users/Adarsh/MyProject/Deployed_Finals/djangobackendaug2025/whatsapp_latest_final-mainjunk/whatsapp_bot_server_withclaude/analytics/db.js:37:17)
    at async trackMessageStatus (file:///C:/Users/Adarsh/MyProject/Deployed_Finals/djangobackendaug2025/whatsapp_latest_final-mainjunk/whatsapp_bot_server_withclaude/analytics/tracker.js:155:26)
    at async file:///C:/Users/Adarsh/MyProject/Deployed_Finals/djangobackendaug2025/whatsapp_latest_final-mainjunk/whatsapp_bot_server_withclaude/routes/webhookRoute.js:712:11 {
  length: 113,
  severity: 'ERROR',
  code: '42P01',
  detail: undefined,
  hint: undefined,
  position: '23',
  internalPosition: undefined,
  internalQuery: undefined,
  where: undefined,
  schema: undefined,
  table: undefined,
  column: undefined,
  dataType: undefined,
  constraint: undefined,
  file: 'parse_relation.c',
  line: '1180',
  routine: 'parserOpenTable'
}
Webhook Processing Complete
Webhook Processing Start
Γ£à Webhook signature validated successfully
Contact:  { profile: { name: 'Adarsh Sharma' }, wa_id: '919643393874' }
Γ£à Redis connections verified
Contact:  { profile: { name: 'Adarsh Sharma' }, wa_id: '919643393874' }

----- OUTGOING REQUEST -----
URL: https://django-faecdbgwhgepemec.canadacentral-01.azurewebsites.net/whatsapp_convo_post/919643393874/?source=whatsapp
METHOD: POST
HEADERS SENT: Object [AxiosHeaders] {
  Accept: 'application/json, text/plain, */*',
  'Content-Type': 'application/json',
  'X-Tenant-Id': 'cetjjck',
  Authorization: 'Bearer eyJhbGciOiJIUzI1NiIsInR5cCI6IkpXVCJ9.eyJzdWIiOiJ3aGF0c2FwcF9ib3QiLCJ0ZW5hbnRfaWQiOiJhaSIsInJvbGUiOiJzeXN0ZW0iLCJ0aWVyIjoiZW50ZXJwcmlzZSIsInNjb3BlIjoic2VydmljZSIsImV4cCI6MjA1NDk3NDY2OX0.SLXxiBy00-NP9dBVcPl-9b5E0QtakNUajRKAjeXgFG8'
}
-----------------------------


----- OUTGOING REQUEST -----
URL: https://fastapione-gue2c5ecc9c4b8hy.centralindia-01.azurewebsites.net/notifications
METHOD: POST
HEADERS SENT: Object [AxiosHeaders] {
  Accept: 'application/json, text/plain, */*',
  'Content-Type': undefined,
  'X-Tenant-Id': 'cetjjck',
  Authorization: 'Bearer eyJhbGciOiJIUzI1NiIsInR5cCI6IkpXVCJ9.eyJzdWIiOiJ3aGF0c2FwcF9ib3QiLCJ0ZW5hbnRfaWQiOiJhaSIsInJvbGUiOiJzeXN0ZW0iLCJ0aWVyIjoiZW50ZXJwcmlzZSIsInNjb3BlIjoic2VydmljZSIsImV4cCI6MjA1NDk3NDY2OX0.SLXxiBy00-NP9dBVcPl-9b5E0QtakNUajRKAjeXgFG8'
}
-----------------------------


----- OUTGOING REQUEST -----
URL: https://django-faecdbgwhgepemec.canadacentral-01.azurewebsites.net/update-last-seen/919643393874/replied
METHOD: PATCH
HEADERS SENT: Object [AxiosHeaders] {
  Accept: 'application/json, text/plain, */*',
  'Content-Type': undefined,
  bpid: '679698821892367',
  Authorization: 'Bearer eyJhbGciOiJIUzI1NiIsInR5cCI6IkpXVCJ9.eyJzdWIiOiJ3aGF0c2FwcF9ib3QiLCJ0ZW5hbnRfaWQiOiJhaSIsInJvbGUiOiJzeXN0ZW0iLCJ0aWVyIjoiZW50ZXJwcmlzZSIsInNjb3BlIjoic2VydmljZSIsImV4cCI6MjA1NDk3NDY2OX0.SLXxiBy00-NP9dBVcPl-9b5E0QtakNUajRKAjeXgFG8'
}
-----------------------------


----- OUTGOING REQUEST -----
URL: https://graph.facebook.com/v18.0/679698821892367/messages
METHOD: POST
HEADERS SENT: Object [AxiosHeaders] {
  Accept: 'application/json, text/plain, */*',
  'Content-Type': undefined,
  Authorization: 'Bearer EAAVZBobCt7AcBO0sEMW5rOi5IZA0f0u3ZBPZACMShPAMZAkp1LIM4beNZBVTxEkpZA1XwLZCkFOvP6JQ8BbPAnmWFixhZBNP5rVXtc6QekTnNE2MV7Lbcvhv6r9n41oxK4QDGcSg6dCmEb3xKCdbqQ1XS4Urr0yyz7YQ7M1CjB1wz1ZCIDFlhHGXR0nmpbV17HXeCf5afBpEHxDlAAMPtk2MvykLHCRTorCFhuHTmTFwH1F3CCT9k6rI706RGW'
}
-----------------------------

Γ£à Analytics database connected
Γ¥î Database query error: error: relation "message_events" does not exist
    at C:\Users\Adarsh\MyProject\Deployed_Finals\djangobackendaug2025\whatsapp_latest_final-mainjunk\whatsapp_bot_server_withclaude\node_modules\pg-pool\index.js:45:11
    at process.processTicksAndRejections (node:internal/process/task_queues:95:5)
    at async query (file:///C:/Users/Adarsh/MyProject/Deployed_Finals/djangobackendaug2025/whatsapp_latest_final-mainjunk/whatsapp_bot_server_withclaude/analytics/db.js:37:17)
    at async trackMessageStatus (file:///C:/Users/Adarsh/MyProject/Deployed_Finals/djangobackendaug2025/whatsapp_latest_final-mainjunk/whatsapp_bot_server_withclaude/analytics/tracker.js:155:26)
    at async file:///C:/Users/Adarsh/MyProject/Deployed_Finals/djangobackendaug2025/whatsapp_latest_final-mainjunk/whatsapp_bot_server_withclaude/routes/webhookRoute.js:694:11 {
  length: 113,
  severity: 'ERROR',
  code: '42P01',
  detail: undefined,
  hint: undefined,
  position: '23',
  internalPosition: undefined,
  internalQuery: undefined,
  where: undefined,
  schema: undefined,
  table: undefined,
  column: undefined,
  dataType: undefined,
  constraint: undefined,
  file: 'parse_relation.c',
  line: '1180',
  routine: 'parserOpenTable'
}
Γ¥î [Analytics] Error tracking message status: error: relation "message_events" does not exist
    at C:\Users\Adarsh\MyProject\Deployed_Finals\djangobackendaug2025\whatsapp_latest_final-mainjunk\whatsapp_bot_server_withclaude\node_modules\pg-pool\index.js:45:11
    at process.processTicksAndRejections (node:internal/process/task_queues:95:5)
    at async query (file:///C:/Users/Adarsh/MyProject/Deployed_Finals/djangobackendaug2025/whatsapp_latest_final-mainjunk/whatsapp_bot_server_withclaude/analytics/db.js:37:17)
    at async trackMessageStatus (file:///C:/Users/Adarsh/MyProject/Deployed_Finals/djangobackendaug2025/whatsapp_latest_final-mainjunk/whatsapp_bot_server_withclaude/analytics/tracker.js:155:26)
    at async file:///C:/Users/Adarsh/MyProject/Deployed_Finals/djangobackendaug2025/whatsapp_latest_final-mainjunk/whatsapp_bot_server_withclaude/routes/webhookRoute.js:694:11 {
  length: 113,
  severity: 'ERROR',
  code: '42P01',
  detail: undefined,
  hint: undefined,
  position: '23',
  internalPosition: undefined,
  internalQuery: undefined,
  where: undefined,
  schema: undefined,
  table: undefined,
  column: undefined,
  dataType: undefined,
  constraint: undefined,
  file: 'parse_relation.c',
  line: '1180',
  routine: 'parserOpenTable'
}
Webhook Processing Complete
Response updating last seen:  { success: true, message: 'Update accepted' }
handleInput called with value: Ok
Valid inputVariable detected: question5
Extracted user session details: {
  input_variable: 'question5',
  phone: '919643393874',
  flow_name: 'interviewdrishtee'
}
Stored value in userSession.api.POST[question5] = Ok
Cleared inputVariable after storing value
Constructed payload: {
  flow_name: 'interviewdrishtee',
  input_variable: 'question5',
  value: 'Ok',
  phone: '919643393874'
}
Sending data to API: https://django-faecdbgwhgepemec.canadacentral-01.azurewebsites.net/add-dynamic-data/
=== LEGACY MODE DEBUG ===
Current Node: 6
Node Type: Text
Next Node Array: [ 7 ]
Adjacency List: [[1],[2],[3],[5],[],[6],[7],[8],[9],[10],[11],[12],[13],[4],[0]]
========================
Before advancement: currNode=6, nextNode=7
After advancement: currNode=7, nextNode=8
Advanced from 6 to 7 after text input

----- OUTGOING REQUEST -----
URL: https://django-faecdbgwhgepemec.canadacentral-01.azurewebsites.net/add-dynamic-data/
METHOD: POST
HEADERS SENT: Object [AxiosHeaders] {
  Accept: 'application/json, text/plain, */*',
  'Content-Type': undefined,
  'X-Tenant-Id': 'cetjjck',
  Authorization: 'Bearer eyJhbGciOiJIUzI1NiIsInR5cCI6IkpXVCJ9.eyJzdWIiOiJ3aGF0c2FwcF9ib3QiLCJ0ZW5hbnRfaWQiOiJhaSIsInJvbGUiOiJzeXN0ZW0iLCJ0aWVyIjoiZW50ZXJwcmlzZSIsInNjb3BlIjoic2VydmljZSIsImV4cCI6MjA1NDk3NDY2OX0.SLXxiBy00-NP9dBVcPl-9b5E0QtakNUajRKAjeXgFG8'
}
-----------------------------

Session saved before sending node message
Webhook processing completed successfully
Current Node:  7  | Flow Version: 1
flowlfolwolfowl:  {
  id: 7,
  body: '60 αñ╕αÑçαñòαñéαñí αñ«αÑçαñé αñòαñ┐αñ╕αÑÇ αñ¼αÑüαñ£αÑüαñ░αÑìαñù αñòαÑï αñàαñ¬αñ¿αÑÇ αñ»αÑïαñ£αñ¿αñ╛ αñ╕αñ░αñ▓ αñ¡αñ╛αñ╖αñ╛ αñ«αÑçαñé αñ╕αñ«αñ¥αñ╛αñçαñÅ',
  type: 'Text',
  variable: 'question6',
  variableType: 'question6'
}
message b4 replacement:  60 αñ╕αÑçαñòαñéαñí αñ«αÑçαñé αñòαñ┐αñ╕αÑÇ αñ¼αÑüαñ£αÑüαñ░αÑìαñù αñòαÑï αñàαñ¬αñ¿αÑÇ αñ»αÑïαñ£αñ¿αñ╛ αñ╕αñ░αñ▓ αñ¡αñ╛αñ╖αñ╛ αñ«αÑçαñé αñ╕αñ«αñ¥αñ╛αñçαñÅ
MEssage after replacing:  60 αñ╕αÑçαñòαñéαñí αñ«αÑçαñé αñòαñ┐αñ╕αÑÇ αñ¼αÑüαñ£αÑüαñ░αÑìαñù αñòαÑï αñàαñ¬αñ¿αÑÇ αñ»αÑïαñ£αñ¿αñ╛ αñ╕αñ░αñ▓ αñ¡αñ╛αñ╖αñ╛ αñ«αÑçαñé αñ╕αñ«αñ¥αñ╛αñçαñÅ
Sending message to: 919643393874
Sending Message

----- OUTGOING REQUEST -----
URL: https://graph.facebook.com/v18.0/679698821892367/messages
METHOD: POST
HEADERS SENT: Object [AxiosHeaders] {
  Accept: 'application/json, text/plain, */*',
  'Content-Type': undefined,
  Authorization: 'Bearer EAAVZBobCt7AcBO0sEMW5rOi5IZA0f0u3ZBPZACMShPAMZAkp1LIM4beNZBVTxEkpZA1XwLZCkFOvP6JQ8BbPAnmWFixhZBNP5rVXtc6QekTnNE2MV7Lbcvhv6r9n41oxK4QDGcSg6dCmEb3xKCdbqQ1XS4Urr0yyz7YQ7M1CjB1wz1ZCIDFlhHGXR0nmpbV17HXeCf5afBpEHxDlAAMPtk2MvykLHCRTorCFhuHTmTFwH1F3CCT9k6rI706RGW'
}
-----------------------------

Data sent successfully! Response: { message: 'Success' }
Returning updated userSession:
Message sent successfully: {
  messaging_product: 'whatsapp',
  contacts: [ { input: '919643393874', wa_id: '919643393874' } ],
  messages: [
    {
      id: 'wamid.HBgMOTE5NjQzMzkzODc0FQIAERgSRUNGMTgxMTMwMjY1MTY4RDkyAA=='
    }
  ]
}
Tenant sent in send-message:  cetjjck
Webhook Processing Start
Γ£à Webhook signature validated successfully
Webhook Processing Complete
Γ£à Analytics database connected
Γ¥î Database query error: error: relation "message_events" does not exist
    at C:\Users\Adarsh\MyProject\Deployed_Finals\djangobackendaug2025\whatsapp_latest_final-mainjunk\whatsapp_bot_server_withclaude\node_modules\pg-pool\index.js:45:11
    at process.processTicksAndRejections (node:internal/process/task_queues:95:5)
    at async query (file:///C:/Users/Adarsh/MyProject/Deployed_Finals/djangobackendaug2025/whatsapp_latest_final-mainjunk/whatsapp_bot_server_withclaude/analytics/db.js:37:17)
    at async trackMessageSend (file:///C:/Users/Adarsh/MyProject/Deployed_Finals/djangobackendaug2025/whatsapp_latest_final-mainjunk/whatsapp_bot_server_withclaude/analytics/tracker.js:49:20)
    at async sendMessage (file:///C:/Users/Adarsh/MyProject/Deployed_Finals/djangobackendaug2025/whatsapp_latest_final-mainjunk/whatsapp_bot_server_withclaude/send-message.js:48:17)
    at async processNodeLegacy (file:///C:/Users/Adarsh/MyProject/Deployed_Finals/djangobackendaug2025/whatsapp_latest_final-mainjunk/whatsapp_bot_server_withclaude/mainwebhook/snm.js:459:21)
    at async sendNodeMessage (file:///C:/Users/Adarsh/MyProject/Deployed_Finals/djangobackendaug2025/whatsapp_latest_final-mainjunk/whatsapp_bot_server_withclaude/mainwebhook/snm.js:260:13) {
  length: 113,
  severity: 'ERROR',
  code: '42P01',
  detail: undefined,
  hint: undefined,
  position: '20',
  internalPosition: undefined,
  internalQuery: undefined,
  where: undefined,
  schema: undefined,
  table: undefined,
  column: undefined,
  dataType: undefined,
  constraint: undefined,
  file: 'parse_relation.c',
  line: '1180',
  routine: 'parserOpenTable'
}
Γ¥î [Analytics] Error tracking message send: error: relation "message_events" does not exist
    at C:\Users\Adarsh\MyProject\Deployed_Finals\djangobackendaug2025\whatsapp_latest_final-mainjunk\whatsapp_bot_server_withclaude\node_modules\pg-pool\index.js:45:11
    at process.processTicksAndRejections (node:internal/process/task_queues:95:5)
    at async query (file:///C:/Users/Adarsh/MyProject/Deployed_Finals/djangobackendaug2025/whatsapp_latest_final-mainjunk/whatsapp_bot_server_withclaude/analytics/db.js:37:17)
    at async trackMessageSend (file:///C:/Users/Adarsh/MyProject/Deployed_Finals/djangobackendaug2025/whatsapp_latest_final-mainjunk/whatsapp_bot_server_withclaude/analytics/tracker.js:49:20)
    at async sendMessage (file:///C:/Users/Adarsh/MyProject/Deployed_Finals/djangobackendaug2025/whatsapp_latest_final-mainjunk/whatsapp_bot_server_withclaude/send-message.js:48:17)
    at async processNodeLegacy (file:///C:/Users/Adarsh/MyProject/Deployed_Finals/djangobackendaug2025/whatsapp_latest_final-mainjunk/whatsapp_bot_server_withclaude/mainwebhook/snm.js:459:21)
    at async sendNodeMessage (file:///C:/Users/Adarsh/MyProject/Deployed_Finals/djangobackendaug2025/whatsapp_latest_final-mainjunk/whatsapp_bot_server_withclaude/mainwebhook/snm.js:260:13) {
  length: 113,
  severity: 'ERROR',
  code: '42P01',
  detail: undefined,
  hint: undefined,
  position: '20',
  internalPosition: undefined,
  internalQuery: undefined,
  where: undefined,
  schema: undefined,
  table: undefined,
  column: undefined,
  dataType: undefined,
  constraint: undefined,
  file: 'parse_relation.c',
  line: '1180',
  routine: 'parserOpenTable'
}
Emitted Node Message

----- OUTGOING REQUEST -----
URL: https://django-faecdbgwhgepemec.canadacentral-01.azurewebsites.net/whatsapp_convo_post/919643393874/?source=whatsapp
METHOD: POST
HEADERS SENT: Object [AxiosHeaders] {
  Accept: 'application/json, text/plain, */*',
  'Content-Type': 'application/json',
  'X-Tenant-Id': 'cetjjck',
  Authorization: 'Bearer eyJhbGciOiJIUzI1NiIsInR5cCI6IkpXVCJ9.eyJzdWIiOiJ3aGF0c2FwcF9ib3QiLCJ0ZW5hbnRfaWQiOiJhaSIsInJvbGUiOiJzeXN0ZW0iLCJ0aWVyIjoiZW50ZXJwcmlzZSIsInNjb3BlIjoic2VydmljZSIsImV4cCI6MjA1NDk3NDY2OX0.SLXxiBy00-NP9dBVcPl-9b5E0QtakNUajRKAjeXgFG8'
}
-----------------------------

Updated Current Node:  7
Webhook Processing Start
Γ£à Webhook signature validated successfully
Delivered:  919643393874

----- OUTGOING REQUEST -----
URL: https://django-faecdbgwhgepemec.canadacentral-01.azurewebsites.net/individual_message_statistics/
METHOD: POST
HEADERS SENT: Object [AxiosHeaders] {
  Accept: 'application/json, text/plain, */*',
  'Content-Type': undefined,
  bpid: '679698821892367',
  Authorization: 'Bearer eyJhbGciOiJIUzI1NiIsInR5cCI6IkpXVCJ9.eyJzdWIiOiJ3aGF0c2FwcF9ib3QiLCJ0ZW5hbnRfaWQiOiJhaSIsInJvbGUiOiJzeXN0ZW0iLCJ0aWVyIjoiZW50ZXJwcmlzZSIsInNjb3BlIjoic2VydmljZSIsImV4cCI6MjA1NDk3NDY2OX0.SLXxiBy00-NP9dBVcPl-9b5E0QtakNUajRKAjeXgFG8'
}
-----------------------------


----- OUTGOING REQUEST -----
URL: https://django-faecdbgwhgepemec.canadacentral-01.azurewebsites.net/update-last-seen/919643393874/delivered
METHOD: PATCH
HEADERS SENT: Object [AxiosHeaders] {
  Accept: 'application/json, text/plain, */*',
  'Content-Type': undefined,
  bpid: '679698821892367',
  Authorization: 'Bearer eyJhbGciOiJIUzI1NiIsInR5cCI6IkpXVCJ9.eyJzdWIiOiJ3aGF0c2FwcF9ib3QiLCJ0ZW5hbnRfaWQiOiJhaSIsInJvbGUiOiJzeXN0ZW0iLCJ0aWVyIjoiZW50ZXJwcmlzZSIsInNjb3BlIjoic2VydmljZSIsImV4cCI6MjA1NDk3NDY2OX0.SLXxiBy00-NP9dBVcPl-9b5E0QtakNUajRKAjeXgFG8'
}
-----------------------------

Webhook Processing Start
Γ£à Webhook signature validated successfully

----- OUTGOING REQUEST -----
URL: https://django-faecdbgwhgepemec.canadacentral-01.azurewebsites.net/individual_message_statistics/
METHOD: POST
HEADERS SENT: Object [AxiosHeaders] {
  Accept: 'application/json, text/plain, */*',
  'Content-Type': undefined,
  bpid: '679698821892367',
  Authorization: 'Bearer eyJhbGciOiJIUzI1NiIsInR5cCI6IkpXVCJ9.eyJzdWIiOiJ3aGF0c2FwcF9ib3QiLCJ0ZW5hbnRfaWQiOiJhaSIsInJvbGUiOiJzeXN0ZW0iLCJ0aWVyIjoiZW50ZXJwcmlzZSIsInNjb3BlIjoic2VydmljZSIsImV4cCI6MjA1NDk3NDY2OX0.SLXxiBy00-NP9dBVcPl-9b5E0QtakNUajRKAjeXgFG8'
}
-----------------------------


----- OUTGOING REQUEST -----
URL: https://django-faecdbgwhgepemec.canadacentral-01.azurewebsites.net/update-last-seen/919643393874/seen
METHOD: PATCH
HEADERS SENT: Object [AxiosHeaders] {
  Accept: 'application/json, text/plain, */*',
  'Content-Type': undefined,
  bpid: '679698821892367',
  Authorization: 'Bearer eyJhbGciOiJIUzI1NiIsInR5cCI6IkpXVCJ9.eyJzdWIiOiJ3aGF0c2FwcF9ib3QiLCJ0ZW5hbnRfaWQiOiJhaSIsInJvbGUiOiJzeXN0ZW0iLCJ0aWVyIjoiZW50ZXJwcmlzZSIsInNjb3BlIjoic2VydmljZSIsImV4cCI6MjA1NDk3NDY2OX0.SLXxiBy00-NP9dBVcPl-9b5E0QtakNUajRKAjeXgFG8'
}
-----------------------------

ΓÜá∩╕Å  Redis not available - getTemplateName called in local mode
Response updating last seen:  { success: true, message: 'Update accepted' }
Γ£à Analytics database connected
Response updating last seen:  { success: true, message: 'Update accepted' }
Γ¥î Database query error: error: relation "message_events" does not exist
    at C:\Users\Adarsh\MyProject\Deployed_Finals\djangobackendaug2025\whatsapp_latest_final-mainjunk\whatsapp_bot_server_withclaude\node_modules\pg-pool\index.js:45:11
    at process.processTicksAndRejections (node:internal/process/task_queues:95:5)
    at async query (file:///C:/Users/Adarsh/MyProject/Deployed_Finals/djangobackendaug2025/whatsapp_latest_final-mainjunk/whatsapp_bot_server_withclaude/analytics/db.js:37:17)
    at async updateMessageEvent (file:///C:/Users/Adarsh/MyProject/Deployed_Finals/djangobackendaug2025/whatsapp_latest_final-mainjunk/whatsapp_bot_server_withclaude/analytics/tracker.js:95:20)
    at async trackMessageStatus (file:///C:/Users/Adarsh/MyProject/Deployed_Finals/djangobackendaug2025/whatsapp_latest_final-mainjunk/whatsapp_bot_server_withclaude/analytics/tracker.js:152:5)
    at async file:///C:/Users/Adarsh/MyProject/Deployed_Finals/djangobackendaug2025/whatsapp_latest_final-mainjunk/whatsapp_bot_server_withclaude/routes/webhookRoute.js:712:11 {
  length: 113,
  severity: 'ERROR',
  code: '42P01',
  detail: undefined,
  hint: undefined,
  position: '13',
  internalPosition: undefined,
  internalQuery: undefined,
  where: undefined,
  schema: undefined,
  table: undefined,
  column: undefined,
  dataType: undefined,
  constraint: undefined,
  file: 'parse_relation.c',
  line: '1180',
  routine: 'parserOpenTable'
}
Γ¥î [Analytics] Error updating message event: error: relation "message_events" does not exist
    at C:\Users\Adarsh\MyProject\Deployed_Finals\djangobackendaug2025\whatsapp_latest_final-mainjunk\whatsapp_bot_server_withclaude\node_modules\pg-pool\index.js:45:11
    at process.processTicksAndRejections (node:internal/process/task_queues:95:5)
    at async query (file:///C:/Users/Adarsh/MyProject/Deployed_Finals/djangobackendaug2025/whatsapp_latest_final-mainjunk/whatsapp_bot_server_withclaude/analytics/db.js:37:17)
    at async updateMessageEvent (file:///C:/Users/Adarsh/MyProject/Deployed_Finals/djangobackendaug2025/whatsapp_latest_final-mainjunk/whatsapp_bot_server_withclaude/analytics/tracker.js:95:20)
    at async trackMessageStatus (file:///C:/Users/Adarsh/MyProject/Deployed_Finals/djangobackendaug2025/whatsapp_latest_final-mainjunk/whatsapp_bot_server_withclaude/analytics/tracker.js:152:5)
    at async file:///C:/Users/Adarsh/MyProject/Deployed_Finals/djangobackendaug2025/whatsapp_latest_final-mainjunk/whatsapp_bot_server_withclaude/routes/webhookRoute.js:712:11 {
  length: 113,
  severity: 'ERROR',
  code: '42P01',
  detail: undefined,
  hint: undefined,
  position: '13',
  internalPosition: undefined,
  internalQuery: undefined,
  where: undefined,
  schema: undefined,
  table: undefined,
  column: undefined,
  dataType: undefined,
  constraint: undefined,
  file: 'parse_relation.c',
  line: '1180',
  routine: 'parserOpenTable'
}
Γ£à Analytics database connected
Γ¥î Database query error: error: relation "message_events" does not exist
    at C:\Users\Adarsh\MyProject\Deployed_Finals\djangobackendaug2025\whatsapp_latest_final-mainjunk\whatsapp_bot_server_withclaude\node_modules\pg-pool\index.js:45:11
    at process.processTicksAndRejections (node:internal/process/task_queues:95:5)
    at async query (file:///C:/Users/Adarsh/MyProject/Deployed_Finals/djangobackendaug2025/whatsapp_latest_final-mainjunk/whatsapp_bot_server_withclaude/analytics/db.js:37:17)
    at async updateMessageEvent (file:///C:/Users/Adarsh/MyProject/Deployed_Finals/djangobackendaug2025/whatsapp_latest_final-mainjunk/whatsapp_bot_server_withclaude/analytics/tracker.js:95:20)
    at async trackMessageStatus (file:///C:/Users/Adarsh/MyProject/Deployed_Finals/djangobackendaug2025/whatsapp_latest_final-mainjunk/whatsapp_bot_server_withclaude/analytics/tracker.js:152:5)
    at async file:///C:/Users/Adarsh/MyProject/Deployed_Finals/djangobackendaug2025/whatsapp_latest_final-mainjunk/whatsapp_bot_server_withclaude/routes/webhookRoute.js:694:11 {
  length: 113,
  severity: 'ERROR',
  code: '42P01',
  detail: undefined,
  hint: undefined,
  position: '13',
  internalPosition: undefined,
  internalQuery: undefined,
  where: undefined,
  schema: undefined,
  table: undefined,
  column: undefined,
  dataType: undefined,
  constraint: undefined,
  file: 'parse_relation.c',
  line: '1180',
  routine: 'parserOpenTable'
}
Γ¥î [Analytics] Error updating message event: error: relation "message_events" does not exist
    at C:\Users\Adarsh\MyProject\Deployed_Finals\djangobackendaug2025\whatsapp_latest_final-mainjunk\whatsapp_bot_server_withclaude\node_modules\pg-pool\index.js:45:11
    at process.processTicksAndRejections (node:internal/process/task_queues:95:5)
    at async query (file:///C:/Users/Adarsh/MyProject/Deployed_Finals/djangobackendaug2025/whatsapp_latest_final-mainjunk/whatsapp_bot_server_withclaude/analytics/db.js:37:17)
    at async updateMessageEvent (file:///C:/Users/Adarsh/MyProject/Deployed_Finals/djangobackendaug2025/whatsapp_latest_final-mainjunk/whatsapp_bot_server_withclaude/analytics/tracker.js:95:20)
    at async trackMessageStatus (file:///C:/Users/Adarsh/MyProject/Deployed_Finals/djangobackendaug2025/whatsapp_latest_final-mainjunk/whatsapp_bot_server_withclaude/analytics/tracker.js:152:5)
    at async file:///C:/Users/Adarsh/MyProject/Deployed_Finals/djangobackendaug2025/whatsapp_latest_final-mainjunk/whatsapp_bot_server_withclaude/routes/webhookRoute.js:694:11 {
  length: 113,
  severity: 'ERROR',
  code: '42P01',
  detail: undefined,
  hint: undefined,
  position: '13',
  internalPosition: undefined,
  internalQuery: undefined,
  where: undefined,
  schema: undefined,
  table: undefined,
  column: undefined,
  dataType: undefined,
  constraint: undefined,
  file: 'parse_relation.c',
  line: '1180',
  routine: 'parserOpenTable'
}
Γ£à Analytics database connected
Γ¥î Database query error: error: relation "message_events" does not exist
    at C:\Users\Adarsh\MyProject\Deployed_Finals\djangobackendaug2025\whatsapp_latest_final-mainjunk\whatsapp_bot_server_withclaude\node_modules\pg-pool\index.js:45:11
    at process.processTicksAndRejections (node:internal/process/task_queues:95:5)
    at async query (file:///C:/Users/Adarsh/MyProject/Deployed_Finals/djangobackendaug2025/whatsapp_latest_final-mainjunk/whatsapp_bot_server_withclaude/analytics/db.js:37:17)
    at async trackMessageStatus (file:///C:/Users/Adarsh/MyProject/Deployed_Finals/djangobackendaug2025/whatsapp_latest_final-mainjunk/whatsapp_bot_server_withclaude/analytics/tracker.js:155:26)
    at async file:///C:/Users/Adarsh/MyProject/Deployed_Finals/djangobackendaug2025/whatsapp_latest_final-mainjunk/whatsapp_bot_server_withclaude/routes/webhookRoute.js:712:11 {
  length: 113,
  severity: 'ERROR',
  code: '42P01',
  detail: undefined,
  hint: undefined,
  position: '23',
  internalPosition: undefined,
  internalQuery: undefined,
  where: undefined,
  schema: undefined,
  table: undefined,
  column: undefined,
  dataType: undefined,
  constraint: undefined,
  file: 'parse_relation.c',
  line: '1180',
  routine: 'parserOpenTable'
}
Γ¥î [Analytics] Error tracking message status: error: relation "message_events" does not exist
    at C:\Users\Adarsh\MyProject\Deployed_Finals\djangobackendaug2025\whatsapp_latest_final-mainjunk\whatsapp_bot_server_withclaude\node_modules\pg-pool\index.js:45:11
    at process.processTicksAndRejections (node:internal/process/task_queues:95:5)
    at async query (file:///C:/Users/Adarsh/MyProject/Deployed_Finals/djangobackendaug2025/whatsapp_latest_final-mainjunk/whatsapp_bot_server_withclaude/analytics/db.js:37:17)
    at async trackMessageStatus (file:///C:/Users/Adarsh/MyProject/Deployed_Finals/djangobackendaug2025/whatsapp_latest_final-mainjunk/whatsapp_bot_server_withclaude/analytics/tracker.js:155:26)
    at async file:///C:/Users/Adarsh/MyProject/Deployed_Finals/djangobackendaug2025/whatsapp_latest_final-mainjunk/whatsapp_bot_server_withclaude/routes/webhookRoute.js:712:11 {
  length: 113,
  severity: 'ERROR',
  code: '42P01',
  detail: undefined,
  hint: undefined,
  position: '23',
  internalPosition: undefined,
  internalQuery: undefined,
  where: undefined,
  schema: undefined,
  table: undefined,
  column: undefined,
  dataType: undefined,
  constraint: undefined,
  file: 'parse_relation.c',
  line: '1180',
  routine: 'parserOpenTable'
}
Webhook Processing Complete
Γ£à Analytics database connected
Γ¥î Database query error: error: relation "message_events" does not exist
    at C:\Users\Adarsh\MyProject\Deployed_Finals\djangobackendaug2025\whatsapp_latest_final-mainjunk\whatsapp_bot_server_withclaude\node_modules\pg-pool\index.js:45:11
    at process.processTicksAndRejections (node:internal/process/task_queues:95:5)
    at async query (file:///C:/Users/Adarsh/MyProject/Deployed_Finals/djangobackendaug2025/whatsapp_latest_final-mainjunk/whatsapp_bot_server_withclaude/analytics/db.js:37:17)
    at async trackMessageStatus (file:///C:/Users/Adarsh/MyProject/Deployed_Finals/djangobackendaug2025/whatsapp_latest_final-mainjunk/whatsapp_bot_server_withclaude/analytics/tracker.js:155:26)
    at async file:///C:/Users/Adarsh/MyProject/Deployed_Finals/djangobackendaug2025/whatsapp_latest_final-mainjunk/whatsapp_bot_server_withclaude/routes/webhookRoute.js:694:11 {
  length: 113,
  severity: 'ERROR',
  code: '42P01',
  detail: undefined,
  hint: undefined,
  position: '23',
  internalPosition: undefined,
  internalQuery: undefined,
  where: undefined,
  schema: undefined,
  table: undefined,
  column: undefined,
  dataType: undefined,
  constraint: undefined,
  file: 'parse_relation.c',
  line: '1180',
  routine: 'parserOpenTable'
}
Γ¥î [Analytics] Error tracking message status: error: relation "message_events" does not exist
    at C:\Users\Adarsh\MyProject\Deployed_Finals\djangobackendaug2025\whatsapp_latest_final-mainjunk\whatsapp_bot_server_withclaude\node_modules\pg-pool\index.js:45:11
    at process.processTicksAndRejections (node:internal/process/task_queues:95:5)
    at async query (file:///C:/Users/Adarsh/MyProject/Deployed_Finals/djangobackendaug2025/whatsapp_latest_final-mainjunk/whatsapp_bot_server_withclaude/analytics/db.js:37:17)
    at async trackMessageStatus (file:///C:/Users/Adarsh/MyProject/Deployed_Finals/djangobackendaug2025/whatsapp_latest_final-mainjunk/whatsapp_bot_server_withclaude/analytics/tracker.js:155:26)
    at async file:///C:/Users/Adarsh/MyProject/Deployed_Finals/djangobackendaug2025/whatsapp_latest_final-mainjunk/whatsapp_bot_server_withclaude/routes/webhookRoute.js:694:11 {
  length: 113,
  severity: 'ERROR',
  code: '42P01',
  detail: undefined,
  hint: undefined,
  position: '23',
  internalPosition: undefined,
  internalQuery: undefined,
  where: undefined,
  schema: undefined,
  table: undefined,
  column: undefined,
  dataType: undefined,
  constraint: undefined,
  file: 'parse_relation.c',
  line: '1180',
  routine: 'parserOpenTable'
}
Webhook Processing Complete

SIGINT received. Starting graceful shutdown...
Γ£à HTTP server closed
Γ£à Socket.IO closed
